{"type":"FeatureCollection","crs":{"type":"name","properties":{"name":"EPSG:6668"}},"features":[{"type":"Feature","id":0,"geometry":{"type":"LineString","coordinates":[[139.69935761029853,35.687029062794636],[139.69937139940885,35.687032055364739]]},"properties":{"FID":0,"link_id":"65edd7ca50844b609d4dcb25bd296936","start_id":"5b824a37524e4fd8abbe9cfa07654556","end_id":"e6feaa2cc7514b68be2758b956baeb28","distance":1.3,"rank":"ASS","r_method":"111","maint_date":" ","rt_struct":5,"route_type":4,"direction":1,"width":2,"vtcl_slope":1,"lev_diff":1,"tfc_signal":1,"tfc_s_type":1,"brail_tile":1,"elevator":5,"roof":2}},{"type":"Feature","id":1,"geometry":{"type":"LineString","coordinates":[[139.69961080890903,35.687049516964919],[139.69944764980892,35.687010270242808]]},"properties":{"FID":1,"link_id":"d573063b997e42f3b146ffeec98aed38","start_id":"2146b61f474c457c904106249b12d9a1","end_id":"27509b411f0d494dbb99dff291a1cc3f","distance":15.4,"rank":"AZZ","r_method":"111","maint_date":" ","rt_struct":5,"route_type":6,"direction":2,"width":2,"vtcl_slope":7,"lev_diff":5,"tfc_signal":1,"tfc_s_type":1,"brail_tile":1,"elevator":1,"roof":2}},{"type":"Feature","id":2,"geometry":{"type":"LineString","coordinates":[[139.69935635055901,35.687033150007721],[139.69935761029853,35.687029062794636]]},"properties":{"FID":2,"link_id":"ed7e56a8e6234197be06280fcb24aecc","start_id":"cbaeded02c114348a1bd8d0c0590584c","end_id":"5b824a37524e4fd8abbe9cfa07654556","distance":0.5,"rank":"ASS","r_method":"111","maint_date":" ","rt_struct":5,"route_type":4,"direction":1,"width":2,"vtcl_slope":1,"lev_diff":1,"tfc_signal":1,"tfc_s_type":1,"brail_tile":1,"elevator":5,"roof":2}},{"type":"Feature","id":3,"geometry":{"type":"LineString","coordinates":[[139.69935635166394,35.687033150008972],[139.69936989940618,35.68703644787513]]},"properties":{"FID":3,"link_id":"0ac77dfc247649a4a854e5a2d8da1c21","start_id":"cbaeded02c114348a1bd8d0c0590584c","end_id":"63987a2523494905b055f9f424a1890b","distance":1.3,"rank":"ASS","r_method":"111","maint_date":" ","rt_struct":5,"route_type":4,"direction":1,"width":2,"vtcl_slope":1,"lev_diff":1,"tfc_signal":1,"tfc_s_type":1,"brail_tile":1,"elevator":5,"roof":2}},{"type":"Feature","id":4,"geometry":{"type":"LineString","coordinates":[[139.69950404005624,35.687042544980329],[139.69944382540325,35.687027763387164]]},"properties":{"FID":4,"link_id":"85f51acf3bfe4da797fbdf82497ce706","start_id":"353fa507524d461b8beee216ca24d7e8","end_id":"620f68feea9644af823da53ec7fb7cb9","distance":5.7000000000000002,"rank":"SZZ","r_method":"111","maint_date":" ","rt_struct":5,"route_type":5,"direction":1,"width":3,"vtcl_slope":7,"lev_diff":5,"tfc_signal":1,"tfc_s_type":1,"brail_tile":1,"elevator":1,"roof":2}},{"type":"Feature","id":5,"geometry":{"type":"LineString","coordinates":[[139.69936989940618,35.68703644787513],[139.6993896947863,35.687040597274859]]},"properties":{"FID":5,"link_id":"ae6e954c23d44cd0b23f55c1c38d9c39","start_id":"63987a2523494905b055f9f424a1890b","end_id":"de92591c2daa4499a18c341848b60d80","distance":1.8,"rank":"SSS","r_method":"111","maint_date":" ","rt_struct":5,"route_type":1,"direction":1,"width":3,"vtcl_slope":1,"lev_diff":1,"tfc_signal":1,"tfc_s_type":1,"brail_tile":2,"elevator":1,"roof":2}},{"type":"Feature","id":6,"geometry":{"type":"LineString","coordinates":[[139.6993896947863,35.687040597274859],[139.69940262462592,35.687011018775593]]},"properties":{"FID":6,"link_id":"5df0d1aa7caf40338c990bcbc7088b48","start_id":"de92591c2daa4499a18c341848b60d80","end_id":"7742907ba459490a84b301842953e20a","distance":3.5,"rank":"SSS","r_method":"111","maint_date":" ","rt_struct":5,"route_type":1,"direction":1,"width":3,"vtcl_slope":1,"lev_diff":1,"tfc_signal":1,"tfc_s_type":1,"brail_tile":2,"elevator":1,"roof":2}},{"type":"Feature","id":7,"geometry":{"type":"LineString","coordinates":[[139.69943239823829,35.686944909351155],[139.69940726854099,35.686938839514255]]},"properties":{"FID":7,"link_id":"2a43a1d7342142aab1a27a9c5011c645","start_id":"b092e4d600474103bc6d6ca3c84191ba","end_id":"dcf372321b004a54ab0fdd12e89792e5","distance":2.3999999999999999,"rank":"SSS","r_method":"111","maint_date":" ","rt_struct":5,"route_type":1,"direction":1,"width":4,"vtcl_slope":1,"lev_diff":1,"tfc_signal":1,"tfc_s_type":1,"brail_tile":2,"elevator":1,"roof":2}},{"type":"Feature","id":8,"geometry":{"type":"LineString","coordinates":[[139.69944382540325,35.687027763387164],[139.69940262462592,35.687011018775593]]},"properties":{"FID":8,"link_id":"c3120d0cd7eb42bcb0dbdc169ed8b53d","start_id":"620f68feea9644af823da53ec7fb7cb9","end_id":"7742907ba459490a84b301842953e20a","distance":4.2000000000000002,"rank":"SSS","r_method":"111","maint_date":" ","rt_struct":5,"route_type":1,"direction":1,"width":4,"vtcl_slope":1,"lev_diff":1,"tfc_signal":1,"tfc_s_type":1,"brail_tile":2,"elevator":1,"roof":2}},{"type":"Feature","id":9,"geometry":{"type":"LineString","coordinates":[[139.69944764980892,35.687010270242808],[139.69940262462592,35.687011018775593]]},"properties":{"FID":9,"link_id":"ccdc706f83fb403c80d763d066dd6344","start_id":"27509b411f0d494dbb99dff291a1cc3f","end_id":"7742907ba459490a84b301842953e20a","distance":4.0999999999999996,"rank":"SSS","r_method":"111","maint_date":" ","rt_struct":5,"route_type":1,"direction":1,"width":4,"vtcl_slope":1,"lev_diff":1,"tfc_signal":1,"tfc_s_type":1,"brail_tile":1,"elevator":1,"roof":2}},{"type":"Feature","id":10,"geometry":{"type":"LineString","coordinates":[[139.69932077138492,35.686860449344863],[139.69940995618822,35.68690275795143]]},"properties":{"FID":10,"link_id":"4bee1c5e3544452db681f9aeccfe2346","start_id":"f413518925ab4459b6712eea80d7945d","end_id":"33910baaf1784dd69e2d98e23cb70f23","distance":9.3000000000000007,"rank":"AZZ","r_method":"111","maint_date":" ","rt_struct":5,"route_type":6,"direction":2,"width":2,"vtcl_slope":7,"lev_diff":5,"tfc_signal":1,"tfc_s_type":1,"brail_tile":1,"elevator":1,"roof":2}},{"type":"Feature","id":11,"geometry":{"type":"LineString","coordinates":[[139.69941297946002,35.686920371383962],[139.69931139450034,35.686873661106006]]},"properties":{"FID":11,"link_id":"c7fa5f74d72f43498ef2cb3b1dbea7e4","start_id":"1529731d4a0a430e8d9363df18a6e2df","end_id":"296c36e099de43a091fdda1ce19fb39f","distance":10.6,"rank":"AZZ","r_method":"111","maint_date":" ","rt_struct":5,"route_type":6,"direction":2,"width":2,"vtcl_slope":7,"lev_diff":5,"tfc_signal":1,"tfc_s_type":1,"brail_tile":1,"elevator":1,"roof":2}},{"type":"Feature","id":12,"geometry":{"type":"LineString","coordinates":[[139.69943239823829,35.686944909351155],[139.69941297946002,35.686920371383962]]},"properties":{"FID":12,"link_id":"62b88b9144c1429d8bc12c13817f030e","start_id":"b092e4d600474103bc6d6ca3c84191ba","end_id":"1529731d4a0a430e8d9363df18a6e2df","distance":3.2000000000000002,"rank":"SSS","r_method":"111","maint_date":" ","rt_struct":5,"route_type":1,"direction":1,"width":3,"vtcl_slope":1,"lev_diff":1,"tfc_signal":1,"tfc_s_type":1,"brail_tile":1,"elevator":1,"roof":2}},{"type":"Feature","id":13,"geometry":{"type":"LineString","coordinates":[[139.69934649020877,35.686910341174553],[139.69930609357755,35.686891399578201]]},"properties":{"FID":13,"link_id":"dcbc1a258ceb41b09ab50e417aabc8b4","start_id":"a5599a091242438da3a5ed85c8695a25","end_id":"b1f35094d6184b58ab3f0fe737cc1e02","distance":4.2000000000000002,"rank":"SZZ","r_method":"111","maint_date":" ","rt_struct":5,"route_type":5,"direction":1,"width":3,"vtcl_slope":7,"lev_diff":5,"tfc_signal":1,"tfc_s_type":1,"brail_tile":1,"elevator":1,"roof":2}},{"type":"Feature","id":14,"geometry":{"type":"LineString","coordinates":[[139.69934595087364,35.686852581368044],[139.69937672259334,35.686867119946555]]},"properties":{"FID":14,"link_id":"c690df6cad7b48bba7b3b30fee65eda2","start_id":"51435d9112ba409e8ad5ab02dbbd060f","end_id":"d1ccc52ef25e474dac70020771b7ea76","distance":3.2000000000000002,"rank":"SZZ","r_method":"111","maint_date":" ","rt_struct":5,"route_type":5,"direction":1,"width":3,"vtcl_slope":7,"lev_diff":5,"tfc_signal":1,"tfc_s_type":1,"brail_tile":1,"elevator":1,"roof":2}},{"type":"Feature","id":15,"geometry":{"type":"LineString","coordinates":[[139.69930609357755,35.686891399578201],[139.69928376676387,35.686881459648077]]},"properties":{"FID":15,"link_id":"cc76d72ea99a48eeb2232bde5528558a","start_id":"b1f35094d6184b58ab3f0fe737cc1e02","end_id":"3e48483e3aa9423588491a0231f893a2","distance":2.2999999999999998,"rank":"SSS","r_method":"111","maint_date":" ","rt_struct":5,"route_type":1,"direction":1,"width":4,"vtcl_slope":1,"lev_diff":1,"tfc_signal":1,"tfc_s_type":1,"brail_tile":2,"elevator":1,"roof":2}},{"type":"Feature","id":16,"geometry":{"type":"LineString","coordinates":[[139.69928376676387,35.686881459648077],[139.69931478775209,35.686837840826456]]},"properties":{"FID":16,"link_id":"886dea630fb24c158b41600721dfe079","start_id":"3e48483e3aa9423588491a0231f893a2","end_id":"ad4ba030c59c4365aa06a0665fb693ae","distance":5.5999999999999996,"rank":"SSS","r_method":"111","maint_date":" ","rt_struct":5,"route_type":1,"direction":1,"width":4,"vtcl_slope":1,"lev_diff":1,"tfc_signal":1,"tfc_s_type":1,"brail_tile":2,"elevator":1,"roof":2}},{"type":"Feature","id":17,"geometry":{"type":"LineString","coordinates":[[139.69931478775209,35.686837840826456],[139.69934595087364,35.686852581368044]]},"properties":{"FID":17,"link_id":"a03a9e5dae784377bba7f01dcee70e01","start_id":"ad4ba030c59c4365aa06a0665fb693ae","end_id":"51435d9112ba409e8ad5ab02dbbd060f","distance":3.2999999999999998,"rank":"SSS","r_method":"111","maint_date":" ","rt_struct":5,"route_type":1,"direction":1,"width":4,"vtcl_slope":1,"lev_diff":1,"tfc_signal":1,"tfc_s_type":1,"brail_tile":2,"elevator":1,"roof":2}},{"type":"Feature","id":18,"geometry":{"type":"LineString","coordinates":[[139.69932077138492,35.686860449344863],[139.69931478775209,35.686837840826456]]},"properties":{"FID":18,"link_id":"7fa8c59c5c4a41f7a95adb73acc86103","start_id":"f413518925ab4459b6712eea80d7945d","end_id":"ad4ba030c59c4365aa06a0665fb693ae","distance":2.6000000000000001,"rank":"SSS","r_method":"111","maint_date":" ","rt_struct":5,"route_type":1,"direction":1,"width":4,"vtcl_slope":1,"lev_diff":1,"tfc_signal":1,"tfc_s_type":1,"brail_tile":1,"elevator":1,"roof":2}},{"type":"Feature","id":19,"geometry":{"type":"LineString","coordinates":[[139.69931139450034,35.686873661106006],[139.69928376676387,35.686881459648077]]},"properties":{"FID":19,"link_id":"ed10f5175b374865abb53496d617ac9d","start_id":"296c36e099de43a091fdda1ce19fb39f","end_id":"3e48483e3aa9423588491a0231f893a2","distance":2.6000000000000001,"rank":"SSS","r_method":"111","maint_date":" ","rt_struct":5,"route_type":1,"direction":1,"width":4,"vtcl_slope":1,"lev_diff":1,"tfc_signal":1,"tfc_s_type":1,"brail_tile":1,"elevator":1,"roof":2}},{"type":"Feature","id":20,"geometry":{"type":"LineString","coordinates":[[139.69879084210686,35.688284356514089],[139.69887106342799,35.688310772453406]]},"properties":{"FID":20,"link_id":"1cc1c57ea635401cac4ac6bf895feece","start_id":"fb5671d1edba4c91ad50438c830827a9","end_id":"196d287141894dc4a63bb9f6ecc6ef0c","distance":7.7999999999999998,"rank":"SZZ","r_method":"111","maint_date":" ","rt_struct":5,"route_type":5,"direction":1,"width":4,"vtcl_slope":7,"lev_diff":5,"tfc_signal":1,"tfc_s_type":1,"brail_tile":1,"elevator":1,"roof":2}},{"type":"Feature","id":21,"geometry":{"type":"LineString","coordinates":[[139.69887106342799,35.688310772453406],[139.69885505983859,35.688340104085285]]},"properties":{"FID":21,"link_id":"6ac033af77914fe5a9786676088b952c","start_id":"196d287141894dc4a63bb9f6ecc6ef0c","end_id":"dd3ff1bc47b94994b4123d312d0e90de","distance":3.6000000000000001,"rank":"SSS","r_method":"111","maint_date":" ","rt_struct":5,"route_type":1,"direction":1,"width":4,"vtcl_slope":1,"lev_diff":1,"tfc_signal":1,"tfc_s_type":1,"brail_tile":1,"elevator":1,"roof":2}},{"type":"Feature","id":22,"geometry":{"type":"LineString","coordinates":[[139.69885505983859,35.688340104085285],[139.69874346096822,35.688303311642585]]},"properties":{"FID":22,"link_id":"44fd62ca39a848b09273b8dae0d997f8","start_id":"dd3ff1bc47b94994b4123d312d0e90de","end_id":"d5320b9e13274c37851e1f5cb5127faa","distance":10.9,"rank":"SZZ","r_method":"111","maint_date":" ","rt_struct":5,"route_type":5,"direction":1,"width":4,"vtcl_slope":7,"lev_diff":5,"tfc_signal":1,"tfc_s_type":1,"brail_tile":1,"elevator":1,"roof":2}},{"type":"Feature","id":23,"geometry":{"type":"LineString","coordinates":[[139.69874346096822,35.688303311642585],[139.69876059794979,35.688263597510513]]},"properties":{"FID":23,"link_id":"8ee41370226046abbed431ca6a539b55","start_id":"d5320b9e13274c37851e1f5cb5127faa","end_id":"212676bd600b4ae7b31e9050699f71a8","distance":4.7000000000000002,"rank":"SSS","r_method":"111","maint_date":" ","rt_struct":5,"route_type":1,"direction":1,"width":4,"vtcl_slope":1,"lev_diff":1,"tfc_signal":1,"tfc_s_type":1,"brail_tile":1,"elevator":1,"roof":2}},{"type":"Feature","id":24,"geometry":{"type":"LineString","coordinates":[[139.69876059794979,35.688263597510513],[139.69888127391027,35.688303976711154]]},"properties":{"FID":24,"link_id":"636c6fc9d3ca4ba19cb9c690274a7943","start_id":"212676bd600b4ae7b31e9050699f71a8","end_id":"f6f69fc0ced24fc59bf56c663eef67d7","distance":11.800000000000001,"rank":"SZZ","r_method":"111","maint_date":" ","rt_struct":5,"route_type":5,"direction":1,"width":4,"vtcl_slope":7,"lev_diff":5,"tfc_signal":1,"tfc_s_type":1,"brail_tile":1,"elevator":1,"roof":2}},{"type":"Feature","id":25,"geometry":{"type":"LineString","coordinates":[[139.69888127391027,35.688303976711154],[139.6988596081776,35.688345622845873]]},"properties":{"FID":25,"link_id":"82c9a2c2cd704a348fbeb423d07cb125","start_id":"f6f69fc0ced24fc59bf56c663eef67d7","end_id":"9d31cf966f2f4434a1d1ecd060d88b14","distance":5,"rank":"SSS","r_method":"111","maint_date":" ","rt_struct":5,"route_type":1,"direction":1,"width":4,"vtcl_slope":1,"lev_diff":1,"tfc_signal":1,"tfc_s_type":1,"brail_tile":1,"elevator":1,"roof":2}},{"type":"Feature","id":26,"geometry":{"type":"LineString","coordinates":[[139.6988596081776,35.688345622845873],[139.69877287264626,35.688319369407679]]},"properties":{"FID":26,"link_id":"0564105d1e914395848a2b09c12368c5","start_id":"9d31cf966f2f4434a1d1ecd060d88b14","end_id":"e075f8131444484fb8e33296d594c679","distance":8.4000000000000004,"rank":"SZZ","r_method":"111","maint_date":" ","rt_struct":5,"route_type":5,"direction":1,"width":4,"vtcl_slope":7,"lev_diff":5,"tfc_signal":1,"tfc_s_type":1,"brail_tile":1,"elevator":1,"roof":2}},{"type":"Feature","id":27,"geometry":{"type":"LineString","coordinates":[[139.6988099594364,35.688339798610002],[139.69882265231479,35.688311440370171]]},"properties":{"FID":27,"link_id":"c536dec73be340d2beca35ac24eb3799","start_id":"5324674e57ca4b10a27205ad92be5da2","end_id":"360c205d7f054953b7d25f0f17e3b99d","distance":3.2999999999999998,"rank":"SSS","r_method":"111","maint_date":" ","rt_struct":5,"route_type":1,"direction":1,"width":4,"vtcl_slope":1,"lev_diff":1,"tfc_signal":1,"tfc_s_type":1,"brail_tile":1,"elevator":1,"roof":2}},{"type":"Feature","id":28,"geometry":{"type":"LineString","coordinates":[[139.69882265231479,35.688311440370171],[139.69875695401538,35.688288634396145]]},"properties":{"FID":28,"link_id":"203cbf0c5d724f7fa48027cf741e7628","start_id":"360c205d7f054953b7d25f0f17e3b99d","end_id":"e1defe63797f445085e32762763cfe94","distance":6.5,"rank":"SSS","r_method":"111","maint_date":" ","rt_struct":5,"route_type":1,"direction":1,"width":4,"vtcl_slope":1,"lev_diff":1,"tfc_signal":1,"tfc_s_type":1,"brail_tile":1,"elevator":1,"roof":2}},{"type":"Feature","id":29,"geometry":{"type":"LineString","coordinates":[[139.69875695401538,35.688288634396145],[139.69876230630734,35.688274646610466]]},"properties":{"FID":29,"link_id":"bbd568af0aed40d19524eebb4dfdec1e","start_id":"e1defe63797f445085e32762763cfe94","end_id":"6a73c869b3a34d6386bbe809663715df","distance":1.6000000000000001,"rank":"SSS","r_method":"111","maint_date":" ","rt_struct":5,"route_type":1,"direction":1,"width":4,"vtcl_slope":1,"lev_diff":1,"tfc_signal":1,"tfc_s_type":1,"brail_tile":1,"elevator":1,"roof":2}},{"type":"Feature","id":30,"geometry":{"type":"LineString","coordinates":[[139.69876230630734,35.688274646610466],[139.69879084210686,35.688284356514089]]},"properties":{"FID":30,"link_id":"1f98aaa4ff144db18d34bb6e866a13a9","start_id":"6a73c869b3a34d6386bbe809663715df","end_id":"fb5671d1edba4c91ad50438c830827a9","distance":2.7999999999999998,"rank":"SSS","r_method":"111","maint_date":" ","rt_struct":5,"route_type":1,"direction":1,"width":4,"vtcl_slope":1,"lev_diff":1,"tfc_signal":1,"tfc_s_type":1,"brail_tile":1,"elevator":1,"roof":2}},{"type":"Feature","id":31,"geometry":{"type":"LineString","coordinates":[[139.6987518617542,35.688797506919684],[139.69874641161027,35.688842558144472]]},"properties":{"FID":31,"link_id":"cebac08a8d8b4de2a187fa543e1ccb5c","start_id":"f45d911412b041c0ba14c6d88be3d869","end_id":"ddbb3771769c4b1986a0a66250f3e948","distance":5,"rank":"SZZ","r_method":"111","maint_date":" ","rt_struct":5,"route_type":5,"direction":1,"width":3,"vtcl_slope":7,"lev_diff":5,"tfc_signal":1,"tfc_s_type":1,"brail_tile":1,"elevator":1,"roof":2}},{"type":"Feature","id":32,"geometry":{"type":"LineString","coordinates":[[139.69940262462592,35.687011018775593],[139.69943239823829,35.686944909351155]]},"properties":{"FID":32,"link_id":"c24f279aeb9d4b6b8490ae214f75f7ce","start_id":"7742907ba459490a84b301842953e20a","end_id":"b092e4d600474103bc6d6ca3c84191ba","distance":7.7999999999999998,"rank":"SSS","r_method":"111","maint_date":" ","rt_struct":5,"route_type":1,"direction":1,"width":4,"vtcl_slope":1,"lev_diff":1,"tfc_signal":1,"tfc_s_type":1,"brail_tile":2,"elevator":1,"roof":2}},{"type":"Feature","id":33,"geometry":{"type":"LineString","coordinates":[[139.69935540370682,35.68703710957459],[139.69935635055901,35.687033150007721]]},"properties":{"FID":33,"link_id":"02f4e95f96b745f586ce2fa10929f40e","start_id":"8f02ce2fdd65421e8c6b5b6e7a36aa5f","end_id":"cbaeded02c114348a1bd8d0c0590584c","distance":0.40000000000000002,"rank":"ASS","r_method":"111","maint_date":" ","rt_struct":5,"route_type":4,"direction":1,"width":2,"vtcl_slope":1,"lev_diff":1,"tfc_signal":1,"tfc_s_type":1,"brail_tile":1,"elevator":5,"roof":2}},{"type":"Feature","id":34,"geometry":{"type":"LineString","coordinates":[[139.69861753378552,35.688609147130762],[139.6986691670869,35.688635321190304]]},"properties":{"FID":34,"link_id":"979708ff4e8442fd98f380b06fc75cef","start_id":"8e5c480d58304a1e84ebba6a073e754d","end_id":"df3ba7f0c4104b71b9fd647d75ea0068","distance":5.5,"rank":"SSS","r_method":"111","maint_date":" ","rt_struct":5,"route_type":1,"direction":1,"width":3,"vtcl_slope":1,"lev_diff":1,"tfc_signal":1,"tfc_s_type":1,"brail_tile":2,"elevator":1,"roof":2}},{"type":"Feature","id":35,"geometry":{"type":"LineString","coordinates":[[139.6986691670869,35.688635321190304],[139.69869006575743,35.688642600593312]]},"properties":{"FID":35,"link_id":"024c3d4f806949efa62cf198a71a654a","start_id":"df3ba7f0c4104b71b9fd647d75ea0068","end_id":"fe13251e6885410b870179837c3832cf","distance":2.1000000000000001,"rank":"ASS","r_method":"111","maint_date":" ","rt_struct":5,"route_type":1,"direction":1,"width":2,"vtcl_slope":1,"lev_diff":1,"tfc_signal":1,"tfc_s_type":1,"brail_tile":2,"elevator":1,"roof":2}},{"type":"Feature","id":36,"geometry":{"type":"LineString","coordinates":[[139.6986691670869,35.688635321190304],[139.69866345357855,35.688596649635087]]},"properties":{"FID":36,"link_id":"11454d73012645c1a5ea0a8a89bc5cab","start_id":"df3ba7f0c4104b71b9fd647d75ea0068","end_id":"76d69a8bb73d409a9fe2fd95f1974699","distance":4.2999999999999998,"rank":"SSS","r_method":"111","maint_date":" ","rt_struct":5,"route_type":1,"direction":1,"width":4,"vtcl_slope":1,"lev_diff":1,"tfc_signal":1,"tfc_s_type":1,"brail_tile":1,"elevator":1,"roof":2}},{"type":"Feature","id":37,"geometry":{"type":"LineString","coordinates":[[139.69866345357855,35.688596649635087],[139.69863788184068,35.688594303604702]]},"properties":{"FID":37,"link_id":"fb50a2d255aa47e8990889c036ed6e1b","start_id":"76d69a8bb73d409a9fe2fd95f1974699","end_id":"09949e3d0b51450791edac83315777f9","distance":2.2999999999999998,"rank":"SSS","r_method":"111","maint_date":" ","rt_struct":5,"route_type":1,"direction":1,"width":3,"vtcl_slope":1,"lev_diff":1,"tfc_signal":1,"tfc_s_type":1,"brail_tile":1,"elevator":1,"roof":2}},{"type":"Feature","id":38,"geometry":{"type":"LineString","coordinates":[[139.69866345357855,35.688596649635087],[139.69864683375636,35.688584979033351]]},"properties":{"FID":38,"link_id":"92087081272a43e0a21b41bbc20092d0","start_id":"76d69a8bb73d409a9fe2fd95f1974699","end_id":"7dca8f4a316b4d6a9fe51cec5f591628","distance":2,"rank":"SSS","r_method":"111","maint_date":" ","rt_struct":5,"route_type":1,"direction":1,"width":3,"vtcl_slope":1,"lev_diff":1,"tfc_signal":1,"tfc_s_type":1,"brail_tile":1,"elevator":1,"roof":2}},{"type":"Feature","id":39,"geometry":{"type":"LineString","coordinates":[[139.69893893180506,35.688541038292328],[139.6989942744093,35.688555247963677]]},"properties":{"FID":39,"link_id":"9c433d2721e14a1a966346c5aa09e00f","start_id":"883ab89966b64bf9938cfd35a6f655c2","end_id":"3516783a1d9c4dc1828424aa135173a6","distance":5.2999999999999998,"rank":"SSS","r_method":"111","maint_date":" ","rt_struct":5,"route_type":1,"direction":1,"width":4,"vtcl_slope":1,"lev_diff":1,"tfc_signal":1,"tfc_s_type":1,"brail_tile":2,"elevator":1,"roof":2}},{"type":"Feature","id":40,"geometry":{"type":"LineString","coordinates":[[139.6989942744093,35.688555247963677],[139.69913112064501,35.688593077854136]]},"properties":{"FID":40,"link_id":"94331acc9bf4441aa0a45a152598cbcb","start_id":"3516783a1d9c4dc1828424aa135173a6","end_id":"eb214391e6ba4b80b3791881e58f5fbd","distance":13.1,"rank":"SSS","r_method":"111","maint_date":" ","rt_struct":5,"route_type":1,"direction":1,"width":4,"vtcl_slope":1,"lev_diff":1,"tfc_signal":1,"tfc_s_type":1,"brail_tile":2,"elevator":1,"roof":2}},{"type":"Feature","id":41,"geometry":{"type":"LineString","coordinates":[[139.69912310894188,35.688622246267244],[139.69910356642993,35.68866676477262]]},"properties":{"FID":41,"link_id":"02c8371d589e429b8c006d60f3d6b73e","start_id":"94efe2c9901d474c8369e21de5b8b16c","end_id":"1dce5642e8164d59a63976316f18b8a0","distance":5.2000000000000002,"rank":"SSS","r_method":"111","maint_date":" ","rt_struct":5,"route_type":1,"direction":1,"width":4,"vtcl_slope":1,"lev_diff":1,"tfc_signal":1,"tfc_s_type":1,"brail_tile":2,"elevator":1,"roof":2}},{"type":"Feature","id":42,"geometry":{"type":"LineString","coordinates":[[139.69910356642993,35.68866676477262],[139.69908102946033,35.688681739338904]]},"properties":{"FID":42,"link_id":"f9e5aa8338b241b5b78933927d42a12a","start_id":"1dce5642e8164d59a63976316f18b8a0","end_id":"c8d8d8290e5b419bafc8582997846052","distance":2.6000000000000001,"rank":"SSS","r_method":"111","maint_date":" ","rt_struct":5,"route_type":1,"direction":1,"width":4,"vtcl_slope":1,"lev_diff":1,"tfc_signal":1,"tfc_s_type":1,"brail_tile":2,"elevator":1,"roof":2}},{"type":"Feature","id":43,"geometry":{"type":"LineString","coordinates":[[139.69908102946033,35.688681739338904],[139.6990685173472,35.688707738920755]]},"properties":{"FID":43,"link_id":"3763bee44e4740ac86216e99e212f8d1","start_id":"c8d8d8290e5b419bafc8582997846052","end_id":"d9cd1bb0f76a440d83010e5b9f63ad65","distance":3.1000000000000001,"rank":"ASS","r_method":"111","maint_date":" ","rt_struct":5,"route_type":1,"direction":1,"width":2,"vtcl_slope":1,"lev_diff":1,"tfc_signal":1,"tfc_s_type":1,"brail_tile":1,"elevator":1,"roof":2}},{"type":"Feature","id":44,"geometry":{"type":"LineString","coordinates":[[139.6989942744093,35.688555247963677],[139.69898863407582,35.688527537163225]]},"properties":{"FID":44,"link_id":"6ad4932ad1764cfba1a7c0c27dac9ea2","start_id":"3516783a1d9c4dc1828424aa135173a6","end_id":"42c059fa4f904b7684b73597ef106da8","distance":3.1000000000000001,"rank":"SSS","r_method":"111","maint_date":" ","rt_struct":5,"route_type":1,"direction":1,"width":4,"vtcl_slope":1,"lev_diff":1,"tfc_signal":1,"tfc_s_type":1,"brail_tile":1,"elevator":1,"roof":2}},{"type":"Feature","id":45,"geometry":{"type":"LineString","coordinates":[[139.6989942744093,35.688555247963677],[139.69899469740142,35.688515154599656]]},"properties":{"FID":45,"link_id":"e843b65b735e497597be2f6a2bce0dd9","start_id":"3516783a1d9c4dc1828424aa135173a6","end_id":"98fc72e4f3f440358bf71b9e108df685","distance":4.4000000000000004,"rank":"SSS","r_method":"111","maint_date":" ","rt_struct":5,"route_type":1,"direction":1,"width":4,"vtcl_slope":1,"lev_diff":1,"tfc_signal":1,"tfc_s_type":1,"brail_tile":1,"elevator":1,"roof":2}},{"type":"Feature","id":46,"geometry":{"type":"LineString","coordinates":[[139.6989942744093,35.688555247963677],[139.6990010689392,35.688502140519176]]},"properties":{"FID":46,"link_id":"e4019090f9b4463a89736716f6c57716","start_id":"3516783a1d9c4dc1828424aa135173a6","end_id":"2aa544a968564cec8994e0606a71248b","distance":5.9000000000000004,"rank":"SSS","r_method":"111","maint_date":" ","rt_struct":5,"route_type":1,"direction":1,"width":4,"vtcl_slope":1,"lev_diff":1,"tfc_signal":1,"tfc_s_type":1,"brail_tile":1,"elevator":1,"roof":2}},{"type":"Feature","id":47,"geometry":{"type":"LineString","coordinates":[[139.69912310894188,35.688622246267244],[139.699159849789,35.688631918358681]]},"properties":{"FID":47,"link_id":"b56c4b8d15ec46118120e3430388d9f0","start_id":"94efe2c9901d474c8369e21de5b8b16c","end_id":"1452afaefe044bc98bdd66b7a746842c","distance":3.5,"rank":"SSS","r_method":"111","maint_date":" ","rt_struct":5,"route_type":1,"direction":1,"width":4,"vtcl_slope":1,"lev_diff":1,"tfc_signal":1,"tfc_s_type":1,"brail_tile":2,"elevator":1,"roof":2}},{"type":"Feature","id":48,"geometry":{"type":"LineString","coordinates":[[139.699159849789,35.688631918358681],[139.69920541334568,35.688644077233448]]},"properties":{"FID":48,"link_id":"8fcace9d16974a91ae8617b1423de276","start_id":"1452afaefe044bc98bdd66b7a746842c","end_id":"2d2bc35b4043433da2914b2705ef69bb","distance":4.2999999999999998,"rank":"SSS","r_method":"111","maint_date":" ","rt_struct":5,"route_type":1,"direction":1,"width":4,"vtcl_slope":1,"lev_diff":1,"tfc_signal":1,"tfc_s_type":1,"brail_tile":2,"elevator":1,"roof":2}},{"type":"Feature","id":49,"geometry":{"type":"LineString","coordinates":[[139.69920541334568,35.688644077233448],[139.69923308255329,35.688645535827618]]},"properties":{"FID":49,"link_id":"c1b5ce9a3540406c9f19fbc4faeefe72","start_id":"2d2bc35b4043433da2914b2705ef69bb","end_id":"20014f524ee643c18b80575cf3064334","distance":2.5,"rank":"SSS","r_method":"111","maint_date":" ","rt_struct":5,"route_type":1,"direction":1,"width":4,"vtcl_slope":1,"lev_diff":1,"tfc_signal":1,"tfc_s_type":1,"brail_tile":2,"elevator":1,"roof":2}},{"type":"Feature","id":50,"geometry":{"type":"LineString","coordinates":[[139.69923308255329,35.688645535827618],[139.6992591349649,35.688639947507227]]},"properties":{"FID":50,"link_id":"c2c4ebb36e374e1da3dde94d3a5257d6","start_id":"20014f524ee643c18b80575cf3064334","end_id":"71a6a3929b3d4875ad3dfa26456dd28b","distance":2.3999999999999999,"rank":"SZZ","r_method":"111","maint_date":" ","rt_struct":5,"route_type":5,"direction":1,"width":4,"vtcl_slope":7,"lev_diff":5,"tfc_signal":1,"tfc_s_type":1,"brail_tile":1,"elevator":1,"roof":2}},{"type":"Feature","id":51,"geometry":{"type":"LineString","coordinates":[[139.69918116885231,35.688581490639763],[139.69920541334568,35.688644077233448]]},"properties":{"FID":51,"link_id":"689a2738dac749db9bb63f59f4b0bb62","start_id":"e4365ef27b14448eb770343c8a024f80","end_id":"2d2bc35b4043433da2914b2705ef69bb","distance":7.2999999999999998,"rank":"SSS","r_method":"111","maint_date":" ","rt_struct":5,"route_type":1,"direction":1,"width":4,"vtcl_slope":1,"lev_diff":1,"tfc_signal":1,"tfc_s_type":1,"brail_tile":1,"elevator":1,"roof":2}},{"type":"Feature","id":52,"geometry":{"type":"LineString","coordinates":[[139.69920541334568,35.688644077233448],[139.69918683888477,35.688568407263801]]},"properties":{"FID":52,"link_id":"38541dff6da6468697900bff23840f98","start_id":"2d2bc35b4043433da2914b2705ef69bb","end_id":"57e00b46b8804e7f95bd92ba9a20fb7b","distance":8.5999999999999996,"rank":"SSS","r_method":"111","maint_date":" ","rt_struct":5,"route_type":1,"direction":1,"width":4,"vtcl_slope":1,"lev_diff":1,"tfc_signal":1,"tfc_s_type":1,"brail_tile":1,"elevator":1,"roof":2}},{"type":"Feature","id":53,"geometry":{"type":"LineString","coordinates":[[139.69920541334568,35.688644077233448],[139.69919214511333,35.688556161756253]]},"properties":{"FID":53,"link_id":"d3bc0e5611df4f918d0a65ff3a7bbc3c","start_id":"2d2bc35b4043433da2914b2705ef69bb","end_id":"9358bfa335994d73b8ee8b883661b5a8","distance":9.8000000000000007,"rank":"SSS","r_method":"111","maint_date":" ","rt_struct":5,"route_type":1,"direction":1,"width":4,"vtcl_slope":1,"lev_diff":1,"tfc_signal":1,"tfc_s_type":1,"brail_tile":1,"elevator":1,"roof":2}},{"type":"Feature","id":54,"geometry":{"type":"LineString","coordinates":[[139.69920541334568,35.688644077233448],[139.6992533219709,35.688704792796159]]},"properties":{"FID":54,"link_id":"4badb0e98f82467e8e875df94ee8fab3","start_id":"2d2bc35b4043433da2914b2705ef69bb","end_id":"4eb0fed0079349e5889eab0fd66e3fc8","distance":8,"rank":"SSS","r_method":"111","maint_date":" ","rt_struct":5,"route_type":1,"direction":1,"width":4,"vtcl_slope":1,"lev_diff":1,"tfc_signal":1,"tfc_s_type":1,"brail_tile":2,"elevator":1,"roof":2}},{"type":"Feature","id":55,"geometry":{"type":"LineString","coordinates":[[139.69893893180506,35.688541038292328],[139.69891350585124,35.688534123439126]]},"properties":{"FID":55,"link_id":"a2dfff5edce042b8b5c5d74ccfc107b0","start_id":"883ab89966b64bf9938cfd35a6f655c2","end_id":"5ea0663da433489daf5153ad86b07a2b","distance":2.3999999999999999,"rank":"ASS","r_method":"111","maint_date":" ","rt_struct":5,"route_type":4,"direction":1,"width":2,"vtcl_slope":1,"lev_diff":1,"tfc_signal":1,"tfc_s_type":1,"brail_tile":1,"elevator":5,"roof":2}},{"type":"Feature","id":56,"geometry":{"type":"LineString","coordinates":[[139.6986691670869,35.688635321190304],[139.69869006575743,35.688642600593312]]},"properties":{"FID":56,"link_id":"d46a083f9da24d2fb03684dea8dd9c44","start_id":"df3ba7f0c4104b71b9fd647d75ea0068","end_id":"fe13251e6885410b870179837c3832cf","distance":2.1000000000000001,"rank":"ASS","r_method":"111","maint_date":" ","rt_struct":5,"route_type":1,"direction":1,"width":2,"vtcl_slope":1,"lev_diff":1,"tfc_signal":1,"tfc_s_type":1,"brail_tile":1,"elevator":1,"roof":2}},{"type":"Feature","id":57,"geometry":{"type":"LineString","coordinates":[[139.6990685173472,35.688707738920755],[139.69903211504322,35.688789407498462]]},"properties":{"FID":57,"link_id":"494c225a31704235abfa120e4b298d5a","start_id":"d9cd1bb0f76a440d83010e5b9f63ad65","end_id":"9ff85d09ae4e40469ec227099d95c775","distance":9.5999999999999996,"rank":"SSS","r_method":"111","maint_date":" ","rt_struct":5,"route_type":1,"direction":1,"width":4,"vtcl_slope":1,"lev_diff":1,"tfc_signal":1,"tfc_s_type":1,"brail_tile":2,"elevator":1,"roof":2}},{"type":"Feature","id":58,"geometry":{"type":"LineString","coordinates":[[139.69889293863969,35.688916012704567],[139.69892359998209,35.688756748742037]]},"properties":{"FID":58,"link_id":"ef8f83872c854175880bcd5df168109e","start_id":"c01041e096fe4f6c8ed23520375ef2fd","end_id":"1ecbdf77f58f423fa3142d1b71e078bf","distance":17.899999999999999,"rank":"SSS","r_method":"111","maint_date":" ","rt_struct":5,"route_type":1,"direction":1,"width":4,"vtcl_slope":1,"lev_diff":1,"tfc_signal":1,"tfc_s_type":1,"brail_tile":2,"elevator":1,"roof":2}},{"type":"Feature","id":59,"geometry":{"type":"LineString","coordinates":[[139.69892359998209,35.688756748742037],[139.69903211504322,35.688789407498462]]},"properties":{"FID":59,"link_id":"153ed6a940b24635b4b8fd02f2ececfd","start_id":"1ecbdf77f58f423fa3142d1b71e078bf","end_id":"9ff85d09ae4e40469ec227099d95c775","distance":10.5,"rank":"SSS","r_method":"111","maint_date":" ","rt_struct":5,"route_type":1,"direction":1,"width":4,"vtcl_slope":1,"lev_diff":1,"tfc_signal":1,"tfc_s_type":1,"brail_tile":2,"elevator":1,"roof":2}},{"type":"Feature","id":60,"geometry":{"type":"LineString","coordinates":[[139.69903211504322,35.688789407498462],[139.69906746439653,35.688800047038171]]},"properties":{"FID":60,"link_id":"b7887b29a2754c69b88938267d6a04c8","start_id":"9ff85d09ae4e40469ec227099d95c775","end_id":"442c173f5d124d7b9dc1d03cc596e0e4","distance":3.3999999999999999,"rank":"SSS","r_method":"111","maint_date":" ","rt_struct":5,"route_type":1,"direction":1,"width":4,"vtcl_slope":1,"lev_diff":1,"tfc_signal":1,"tfc_s_type":1,"brail_tile":2,"elevator":1,"roof":2}},{"type":"Feature","id":61,"geometry":{"type":"LineString","coordinates":[[139.69906746439653,35.688800047038171],[139.6991240311155,35.688817070288906]]},"properties":{"FID":61,"link_id":"1cea21fdcd794d7b9d4c919f6c49a8b0","start_id":"442c173f5d124d7b9dc1d03cc596e0e4","end_id":"d92d2f120f7c4f69b630469fb9f8b375","distance":5.5,"rank":"SSS","r_method":"111","maint_date":" ","rt_struct":5,"route_type":1,"direction":1,"width":4,"vtcl_slope":1,"lev_diff":1,"tfc_signal":1,"tfc_s_type":1,"brail_tile":2,"elevator":1,"roof":2}},{"type":"Feature","id":62,"geometry":{"type":"LineString","coordinates":[[139.6991240311155,35.688817070288906],[139.69917601049667,35.688832714713158]]},"properties":{"FID":62,"link_id":"3185eb4d50a945d0b7768b74b322263f","start_id":"d92d2f120f7c4f69b630469fb9f8b375","end_id":"ece87975c3994d44ba56259bf593822e","distance":5,"rank":"SSS","r_method":"111","maint_date":" ","rt_struct":5,"route_type":1,"direction":1,"width":4,"vtcl_slope":1,"lev_diff":1,"tfc_signal":1,"tfc_s_type":1,"brail_tile":2,"elevator":1,"roof":2}},{"type":"Feature","id":63,"geometry":{"type":"LineString","coordinates":[[139.69917601049667,35.688832714713158],[139.69921717897012,35.688838265249501]]},"properties":{"FID":63,"link_id":"c47791907a064721b81512e75042f440","start_id":"ece87975c3994d44ba56259bf593822e","end_id":"5d17a9840ef641428ff57987cb76772d","distance":3.7999999999999998,"rank":"SSS","r_method":"111","maint_date":" ","rt_struct":5,"route_type":1,"direction":1,"width":4,"vtcl_slope":1,"lev_diff":1,"tfc_signal":1,"tfc_s_type":1,"brail_tile":2,"elevator":1,"roof":2}},{"type":"Feature","id":64,"geometry":{"type":"LineString","coordinates":[[139.69876311129133,35.688708447116596],[139.69892359998209,35.688756748742037]]},"properties":{"FID":64,"link_id":"fcd499174c514ccabf4a43f0dfe0f5c3","start_id":"e764ee9de7834a9aae179ce41bbf2e9a","end_id":"1ecbdf77f58f423fa3142d1b71e078bf","distance":15.5,"rank":"SSS","r_method":"111","maint_date":" ","rt_struct":5,"route_type":1,"direction":1,"width":4,"vtcl_slope":1,"lev_diff":1,"tfc_signal":1,"tfc_s_type":1,"brail_tile":2,"elevator":1,"roof":2}},{"type":"Feature","id":65,"geometry":{"type":"LineString","coordinates":[[139.69876871851,35.68866570771911],[139.69869006575743,35.688642600593312]]},"properties":{"FID":65,"link_id":"7ecbc688a66e48b9b53e9fdacb081e10","start_id":"ed8c26c582c64b57947cf5833f836e7a","end_id":"fe13251e6885410b870179837c3832cf","distance":7.5999999999999996,"rank":"SSS","r_method":"111","maint_date":" ","rt_struct":5,"route_type":1,"direction":1,"width":4,"vtcl_slope":1,"lev_diff":1,"tfc_signal":1,"tfc_s_type":1,"brail_tile":2,"elevator":1,"roof":2}},{"type":"Feature","id":66,"geometry":{"type":"LineString","coordinates":[[139.69876871851,35.68866570771911],[139.69878329556957,35.688560849621638]]},"properties":{"FID":66,"link_id":"d6b0f7a8422a4e2cb2ecc2fd2aedcc00","start_id":"ed8c26c582c64b57947cf5833f836e7a","end_id":"3e77f0b2acc24044a02b0a2b24289c4e","distance":11.699999999999999,"rank":"SSS","r_method":"111","maint_date":" ","rt_struct":5,"route_type":1,"direction":1,"width":4,"vtcl_slope":1,"lev_diff":1,"tfc_signal":1,"tfc_s_type":1,"brail_tile":2,"elevator":1,"roof":2}},{"type":"Feature","id":67,"geometry":{"type":"LineString","coordinates":[[139.69870109583746,35.688529448639201],[139.69877736004139,35.688401713335622]]},"properties":{"FID":67,"link_id":"82b122a9cea8444c93cde3c497fcba06","start_id":"2e036b5969f34dd5b002cfb0f3597afb","end_id":"bf71354b90b04a7aa2a85773b20aa230","distance":15.800000000000001,"rank":"SSS","r_method":"111","maint_date":" ","rt_struct":5,"route_type":1,"direction":1,"width":4,"vtcl_slope":1,"lev_diff":1,"tfc_signal":1,"tfc_s_type":1,"brail_tile":2,"elevator":1,"roof":2}},{"type":"Feature","id":68,"geometry":{"type":"LineString","coordinates":[[139.69877736004139,35.688401713335622],[139.6988099594364,35.688339798610002]]},"properties":{"FID":68,"link_id":"77dbcfe5c10c445eb3a9fb522feed10c","start_id":"bf71354b90b04a7aa2a85773b20aa230","end_id":"5324674e57ca4b10a27205ad92be5da2","distance":7.5,"rank":"SSS","r_method":"111","maint_date":" ","rt_struct":5,"route_type":1,"direction":1,"width":3,"vtcl_slope":1,"lev_diff":1,"tfc_signal":1,"tfc_s_type":1,"brail_tile":2,"elevator":1,"roof":2}},{"type":"Feature","id":69,"geometry":{"type":"LineString","coordinates":[[139.69921717897012,35.688838265249501],[139.69924357571642,35.688849451810199]]},"properties":{"FID":69,"link_id":"45ebdab487134925b3b47cd29bffb99c","start_id":"5d17a9840ef641428ff57987cb76772d","end_id":"032cf295875e4f1fa99164971cab0680","distance":2.7000000000000002,"rank":"SZZ","r_method":"111","maint_date":" ","rt_struct":5,"route_type":5,"direction":1,"width":4,"vtcl_slope":7,"lev_diff":5,"tfc_signal":1,"tfc_s_type":1,"brail_tile":1,"elevator":1,"roof":2}},{"type":"Feature","id":70,"geometry":{"type":"LineString","coordinates":[[139.6991240311155,35.688817070288906],[139.69915841826605,35.688735266936362]]},"properties":{"FID":70,"link_id":"9ad3f31d7c3f4fbf8aa68b3af81712bb","start_id":"d92d2f120f7c4f69b630469fb9f8b375","end_id":"57ea2c8b971f47a59cdfdc1344057e36","distance":9.5999999999999996,"rank":"SSS","r_method":"111","maint_date":" ","rt_struct":5,"route_type":1,"direction":1,"width":4,"vtcl_slope":1,"lev_diff":1,"tfc_signal":1,"tfc_s_type":1,"brail_tile":2,"elevator":1,"roof":2}},{"type":"Feature","id":71,"geometry":{"type":"LineString","coordinates":[[139.69906746439653,35.688800047038171],[139.69910422117357,35.688717815488985]]},"properties":{"FID":71,"link_id":"ca555b6e85d44bb686ca036de60e69bb","start_id":"442c173f5d124d7b9dc1d03cc596e0e4","end_id":"17e7f081779d4c65940d6f490486a8ba","distance":9.6999999999999993,"rank":"SSS","r_method":"111","maint_date":" ","rt_struct":5,"route_type":1,"direction":1,"width":4,"vtcl_slope":1,"lev_diff":1,"tfc_signal":1,"tfc_s_type":1,"brail_tile":2,"elevator":1,"roof":2}},{"type":"Feature","id":72,"geometry":{"type":"LineString","coordinates":[[139.6991240311155,35.688817070288906],[139.69913360210751,35.688916365048669]]},"properties":{"FID":72,"link_id":"7287af1de1844fcc8d5510fab89ad609","start_id":"d92d2f120f7c4f69b630469fb9f8b375","end_id":"38d4fc0b89684db39ae3ce5c49614a73","distance":11.1,"rank":"SSS","r_method":"111","maint_date":" ","rt_struct":5,"route_type":1,"direction":1,"width":4,"vtcl_slope":1,"lev_diff":1,"tfc_signal":1,"tfc_s_type":1,"brail_tile":2,"elevator":1,"roof":2}},{"type":"Feature","id":73,"geometry":{"type":"LineString","coordinates":[[139.69913360210751,35.688916365048669],[139.69915063432404,35.688936532354717]]},"properties":{"FID":73,"link_id":"4038cecf024c417a87310ab9859a7404","start_id":"38d4fc0b89684db39ae3ce5c49614a73","end_id":"6dff9addf7384aaabbbe0742d2e5a1ce","distance":2.7000000000000002,"rank":"SZZ","r_method":"111","maint_date":" ","rt_struct":5,"route_type":5,"direction":1,"width":4,"vtcl_slope":7,"lev_diff":5,"tfc_signal":1,"tfc_s_type":1,"brail_tile":1,"elevator":1,"roof":2}},{"type":"Feature","id":74,"geometry":{"type":"LineString","coordinates":[[139.6991240311155,35.688817070288906],[139.69922994131468,35.688761763077309]]},"properties":{"FID":74,"link_id":"2b1fd51a149340ee8284db1a0b307b00","start_id":"d92d2f120f7c4f69b630469fb9f8b375","end_id":"6c97cbd1aec74488808e901936e282cc","distance":11.4,"rank":"SSS","r_method":"111","maint_date":" ","rt_struct":5,"route_type":1,"direction":1,"width":4,"vtcl_slope":1,"lev_diff":1,"tfc_signal":1,"tfc_s_type":1,"brail_tile":2,"elevator":1,"roof":2}},{"type":"Feature","id":75,"geometry":{"type":"LineString","coordinates":[[139.69922994131468,35.688761763077309],[139.69926503568774,35.688770942957262]]},"properties":{"FID":75,"link_id":"0b4d09b4ec014c16a0699dd188827a78","start_id":"6c97cbd1aec74488808e901936e282cc","end_id":"c260467c34ae4ec9bfdd6a39eff88a13","distance":3.2999999999999998,"rank":"ASS","r_method":"111","maint_date":" ","rt_struct":5,"route_type":4,"direction":1,"width":2,"vtcl_slope":1,"lev_diff":1,"tfc_signal":1,"tfc_s_type":1,"brail_tile":1,"elevator":5,"roof":2}},{"type":"Feature","id":76,"geometry":{"type":"LineString","coordinates":[[139.69926503568774,35.688770942957262],[139.69926197539519,35.688777413187665]]},"properties":{"FID":76,"link_id":"2fa19e7c2c2641f393437b17c7b79502","start_id":"c260467c34ae4ec9bfdd6a39eff88a13","end_id":"dd1591cb6a31462f8dcf532105f868af","distance":0.80000000000000004,"rank":"ASS","r_method":"111","maint_date":" ","rt_struct":5,"route_type":4,"direction":1,"width":2,"vtcl_slope":1,"lev_diff":1,"tfc_signal":1,"tfc_s_type":1,"brail_tile":1,"elevator":5,"roof":2}},{"type":"Feature","id":77,"geometry":{"type":"LineString","coordinates":[[139.69926197539519,35.688777413187665],[139.69928326594629,35.688781412507979]]},"properties":{"FID":77,"link_id":"d5a54a582607426895b591c16c4305ef","start_id":"dd1591cb6a31462f8dcf532105f868af","end_id":"68dc1313bde54e0a8f63f8011135ea6e","distance":2,"rank":"ASS","r_method":"111","maint_date":" ","rt_struct":5,"route_type":4,"direction":1,"width":2,"vtcl_slope":1,"lev_diff":1,"tfc_signal":1,"tfc_s_type":1,"brail_tile":1,"elevator":5,"roof":2}},{"type":"Feature","id":78,"geometry":{"type":"LineString","coordinates":[[139.69870109583746,35.688529448639201],[139.69878329556957,35.688560849621638]]},"properties":{"FID":78,"link_id":"991d0a570e5b41c9a76611e1041f8733","start_id":"2e036b5969f34dd5b002cfb0f3597afb","end_id":"3e77f0b2acc24044a02b0a2b24289c4e","distance":8.1999999999999993,"rank":"SAS","r_method":"111","maint_date":" ","rt_struct":5,"route_type":1,"direction":1,"width":4,"vtcl_slope":2,"lev_diff":1,"tfc_signal":1,"tfc_s_type":1,"brail_tile":1,"elevator":1,"roof":2}},{"type":"Feature","id":79,"geometry":{"type":"LineString","coordinates":[[139.69878329556957,35.688560849621638],[139.69889695656946,35.688605512386857]]},"properties":{"FID":79,"link_id":"b8278894353043ea8df46938a26feb97","start_id":"3e77f0b2acc24044a02b0a2b24289c4e","end_id":"ada95f9dcb5a4adbae032ce241c8a105","distance":11.4,"rank":"SSS","r_method":"111","maint_date":" ","rt_struct":5,"route_type":1,"direction":1,"width":4,"vtcl_slope":1,"lev_diff":1,"tfc_signal":1,"tfc_s_type":1,"brail_tile":1,"elevator":1,"roof":2}},{"type":"Feature","id":80,"geometry":{"type":"LineString","coordinates":[[139.69889695656946,35.688605512386857],[139.69891577115959,35.688599796176049]]},"properties":{"FID":80,"link_id":"80b372f586204d5cbe5769beffcfbf56","start_id":"ada95f9dcb5a4adbae032ce241c8a105","end_id":"1c1750334451430b83e23f9c5a60fab5","distance":1.8,"rank":"ZSS","r_method":"111","maint_date":" ","rt_struct":5,"route_type":1,"direction":1,"width":1,"vtcl_slope":1,"lev_diff":1,"tfc_signal":1,"tfc_s_type":1,"brail_tile":1,"elevator":1,"roof":2}},{"type":"Feature","id":81,"geometry":{"type":"LineString","coordinates":[[139.6989942744093,35.688555247963677],[139.69891577115959,35.688599796176049]]},"properties":{"FID":81,"link_id":"f9ef1e34217d414d9499493e2cc04f43","start_id":"3516783a1d9c4dc1828424aa135173a6","end_id":"1c1750334451430b83e23f9c5a60fab5","distance":8.6999999999999993,"rank":"SSS","r_method":"111","maint_date":" ","rt_struct":5,"route_type":1,"direction":1,"width":4,"vtcl_slope":1,"lev_diff":1,"tfc_signal":1,"tfc_s_type":1,"brail_tile":1,"elevator":1,"roof":2}},{"type":"Feature","id":82,"geometry":{"type":"LineString","coordinates":[[139.69876311129133,35.688708447116596],[139.69875700489683,35.688754993341945]]},"properties":{"FID":82,"link_id":"6a10e255bd8c4d798a1b8ded66adcc4b","start_id":"e764ee9de7834a9aae179ce41bbf2e9a","end_id":"04f621bad4b54f868630c9ae2e57f066","distance":5.2000000000000002,"rank":"SSS","r_method":"111","maint_date":" ","rt_struct":5,"route_type":1,"direction":1,"width":4,"vtcl_slope":1,"lev_diff":1,"tfc_signal":1,"tfc_s_type":1,"brail_tile":2,"elevator":1,"roof":2}},{"type":"Feature","id":83,"geometry":{"type":"LineString","coordinates":[[139.69876871851,35.68866570771911],[139.69876311129133,35.688708447116596]]},"properties":{"FID":83,"link_id":"61081e327be94b0e9ccd4da188a43dfd","start_id":"ed8c26c582c64b57947cf5833f836e7a","end_id":"e764ee9de7834a9aae179ce41bbf2e9a","distance":4.7999999999999998,"rank":"SSS","r_method":"111","maint_date":" ","rt_struct":5,"route_type":1,"direction":1,"width":4,"vtcl_slope":1,"lev_diff":1,"tfc_signal":1,"tfc_s_type":1,"brail_tile":2,"elevator":1,"roof":2}},{"type":"Feature","id":84,"geometry":{"type":"LineString","coordinates":[[139.69913112064501,35.688593077854136],[139.69912310894188,35.688622246267244]]},"properties":{"FID":84,"link_id":"e2fdac99be6d433e81b78c67c7e1627d","start_id":"eb214391e6ba4b80b3791881e58f5fbd","end_id":"94efe2c9901d474c8369e21de5b8b16c","distance":3.2999999999999998,"rank":"SSS","r_method":"111","maint_date":" ","rt_struct":5,"route_type":1,"direction":1,"width":4,"vtcl_slope":1,"lev_diff":1,"tfc_signal":1,"tfc_s_type":1,"brail_tile":2,"elevator":1,"roof":2}},{"type":"Feature","id":85,"geometry":{"type":"LineString","coordinates":[[139.69844076204413,35.688545016824321],[139.69848930899082,35.688562856140663]]},"properties":{"FID":85,"link_id":"c6c5c71701c3420494e382fa014c7bba","start_id":"58f7637c5b724a28b626fa0bfb3c1a91","end_id":"fa9cd0ba2685432cb446f2cf9c3edd86","distance":4.7999999999999998,"rank":"SZZ","r_method":"111","maint_date":" ","rt_struct":5,"route_type":5,"direction":1,"width":3,"vtcl_slope":7,"lev_diff":5,"tfc_signal":1,"tfc_s_type":1,"brail_tile":1,"elevator":1,"roof":2}},{"type":"Feature","id":86,"geometry":{"type":"LineString","coordinates":[[139.69844558217028,35.688524936998874],[139.69863788184068,35.688594303604702]]},"properties":{"FID":86,"link_id":"88ef3d09d7b240b18754ee19bbeae3e1","start_id":"cc3a914abb534278af3ad439f1af0b7b","end_id":"09949e3d0b51450791edac83315777f9","distance":19,"rank":"AZZ","r_method":"111","maint_date":" ","rt_struct":5,"route_type":6,"direction":2,"width":2,"vtcl_slope":7,"lev_diff":5,"tfc_signal":1,"tfc_s_type":1,"brail_tile":1,"elevator":1,"roof":2}},{"type":"Feature","id":87,"geometry":{"type":"LineString","coordinates":[[139.69864683375636,35.688584979033351],[139.69845168127802,35.688511038398588]]},"properties":{"FID":87,"link_id":"904c66c36c1440ea8c6261ec2356bf72","start_id":"7dca8f4a316b4d6a9fe51cec5f591628","end_id":"fe83851ef53a4dac9ba5656be1b4ffd6","distance":19.5,"rank":"AZZ","r_method":"111","maint_date":" ","rt_struct":5,"route_type":6,"direction":2,"width":2,"vtcl_slope":8,"lev_diff":5,"tfc_signal":1,"tfc_s_type":1,"brail_tile":1,"elevator":1,"roof":2}},{"type":"Feature","id":88,"geometry":{"type":"LineString","coordinates":[[139.69848930899082,35.688562856140663],[139.69850452598223,35.688568385962412]]},"properties":{"FID":88,"link_id":"cb0bb802da5b42b1adf8cd1fb9babf2f","start_id":"fa9cd0ba2685432cb446f2cf9c3edd86","end_id":"7b0e65226e6047c9a2ff1ba758ff9ba3","distance":1.5,"rank":"SSS","r_method":"111","maint_date":" ","rt_struct":5,"route_type":1,"direction":1,"width":3,"vtcl_slope":1,"lev_diff":1,"tfc_signal":1,"tfc_s_type":1,"brail_tile":1,"elevator":1,"roof":2}},{"type":"Feature","id":89,"geometry":{"type":"LineString","coordinates":[[139.69855360360782,35.688586041066458],[139.69856882293175,35.688591503279895]]},"properties":{"FID":89,"link_id":"6f9892ffe6e4443ea1795c3c7580dbbd","start_id":"450d3e4ac26044b8929507cc111a2b1c","end_id":"1d7352aba5914bfbbe2347124f34f929","distance":1.5,"rank":"SSS","r_method":"111","maint_date":" ","rt_struct":5,"route_type":1,"direction":1,"width":3,"vtcl_slope":1,"lev_diff":1,"tfc_signal":1,"tfc_s_type":1,"brail_tile":1,"elevator":1,"roof":2}},{"type":"Feature","id":90,"geometry":{"type":"LineString","coordinates":[[139.69850452598223,35.688568385962412],[139.69855360360782,35.688586041066458]]},"properties":{"FID":90,"link_id":"f1519b2251c643099808c2d35a7e5829","start_id":"7b0e65226e6047c9a2ff1ba758ff9ba3","end_id":"450d3e4ac26044b8929507cc111a2b1c","distance":4.9000000000000004,"rank":"SZZ","r_method":"111","maint_date":" ","rt_struct":5,"route_type":5,"direction":1,"width":3,"vtcl_slope":7,"lev_diff":5,"tfc_signal":1,"tfc_s_type":1,"brail_tile":1,"elevator":1,"roof":2}},{"type":"Feature","id":91,"geometry":{"type":"LineString","coordinates":[[139.69856882293175,35.688591503279895],[139.69861753378552,35.688609147130762]]},"properties":{"FID":91,"link_id":"911d0fc13981432c9098ef79668b1d33","start_id":"1d7352aba5914bfbbe2347124f34f929","end_id":"8e5c480d58304a1e84ebba6a073e754d","distance":4.7999999999999998,"rank":"SZZ","r_method":"111","maint_date":" ","rt_struct":5,"route_type":5,"direction":1,"width":3,"vtcl_slope":7,"lev_diff":5,"tfc_signal":1,"tfc_s_type":1,"brail_tile":1,"elevator":1,"roof":2}},{"type":"Feature","id":92,"geometry":{"type":"LineString","coordinates":[[139.69837760069424,35.688520757774256],[139.6983427967416,35.688503929837168]]},"properties":{"FID":92,"link_id":"118e1e4bbb58406f83f7dd6eb82f2ea7","start_id":"b757c70cbc5841aaaab1a8375cf51b24","end_id":"af29d46836994e219ce5dd4b8f704987","distance":3.7000000000000002,"rank":"SSS","r_method":"111","maint_date":" ","rt_struct":5,"route_type":1,"direction":1,"width":3,"vtcl_slope":1,"lev_diff":1,"tfc_signal":1,"tfc_s_type":1,"brail_tile":2,"elevator":1,"roof":2}},{"type":"Feature","id":93,"geometry":{"type":"LineString","coordinates":[[139.6983427967416,35.688503929837168],[139.69835532333468,35.688477981724361]]},"properties":{"FID":93,"link_id":"448f2a06f46d4159bc8d25719733acf9","start_id":"af29d46836994e219ce5dd4b8f704987","end_id":"f9731c86deef40b88275f939088b6c5e","distance":3.1000000000000001,"rank":"SSS","r_method":"111","maint_date":" ","rt_struct":5,"route_type":1,"direction":1,"width":4,"vtcl_slope":1,"lev_diff":1,"tfc_signal":1,"tfc_s_type":1,"brail_tile":2,"elevator":1,"roof":2}},{"type":"Feature","id":94,"geometry":{"type":"LineString","coordinates":[[139.69835532333468,35.688477981724361],[139.69838606966289,35.688491835095647]]},"properties":{"FID":94,"link_id":"ce97b52045384ba5a1d1e32ba867d01f","start_id":"f9731c86deef40b88275f939088b6c5e","end_id":"01c5203844824e47ad84b1fe5a704e98","distance":3.2000000000000002,"rank":"SSS","r_method":"111","maint_date":" ","rt_struct":5,"route_type":1,"direction":1,"width":4,"vtcl_slope":1,"lev_diff":1,"tfc_signal":1,"tfc_s_type":1,"brail_tile":2,"elevator":1,"roof":2}},{"type":"Feature","id":95,"geometry":{"type":"LineString","coordinates":[[139.69838606966289,35.688491835095647],[139.69841832399413,35.688503816200807]]},"properties":{"FID":95,"link_id":"cc8b27a958dd4cbb83d68f3791db6111","start_id":"01c5203844824e47ad84b1fe5a704e98","end_id":"d453fbd6bf134453a8113ea1e9ebb83f","distance":3.2000000000000002,"rank":"SZZ","r_method":"111","maint_date":" ","rt_struct":5,"route_type":5,"direction":1,"width":4,"vtcl_slope":7,"lev_diff":5,"tfc_signal":1,"tfc_s_type":1,"brail_tile":1,"elevator":1,"roof":2}},{"type":"Feature","id":96,"geometry":{"type":"LineString","coordinates":[[139.69841832399413,35.688503816200807],[139.69844076204413,35.688545016824321]]},"properties":{"FID":96,"link_id":"a013c657f616493cb92b30b7f90f9ee0","start_id":"d453fbd6bf134453a8113ea1e9ebb83f","end_id":"58f7637c5b724a28b626fa0bfb3c1a91","distance":5,"rank":"SSS","r_method":"111","maint_date":" ","rt_struct":5,"route_type":1,"direction":1,"width":4,"vtcl_slope":1,"lev_diff":1,"tfc_signal":1,"tfc_s_type":1,"brail_tile":2,"elevator":1,"roof":2}},{"type":"Feature","id":97,"geometry":{"type":"LineString","coordinates":[[139.69841832399413,35.688503816200807],[139.69844558106399,35.68852493789899]]},"properties":{"FID":97,"link_id":"5bb1e2cfb43b42e9b3805884e53aa355","start_id":"d453fbd6bf134453a8113ea1e9ebb83f","end_id":"cc3a914abb534278af3ad439f1af0b7b","distance":3.3999999999999999,"rank":"SSS","r_method":"111","maint_date":" ","rt_struct":5,"route_type":1,"direction":1,"width":4,"vtcl_slope":1,"lev_diff":1,"tfc_signal":1,"tfc_s_type":1,"brail_tile":1,"elevator":1,"roof":2}},{"type":"Feature","id":98,"geometry":{"type":"LineString","coordinates":[[139.69841832399413,35.688503816200807],[139.69845168127802,35.688511038398588]]},"properties":{"FID":98,"link_id":"9039e446d9f0425181435b11e5e7f4cd","start_id":"d453fbd6bf134453a8113ea1e9ebb83f","end_id":"fe83851ef53a4dac9ba5656be1b4ffd6","distance":3.1000000000000001,"rank":"SSS","r_method":"111","maint_date":" ","rt_struct":5,"route_type":1,"direction":1,"width":4,"vtcl_slope":1,"lev_diff":1,"tfc_signal":1,"tfc_s_type":1,"brail_tile":1,"elevator":1,"roof":2}},{"type":"Feature","id":99,"geometry":{"type":"LineString","coordinates":[[139.69866902676006,35.688424304022647],[139.69898863407582,35.688527537163225]]},"properties":{"FID":99,"link_id":"7628a98a51a543b0a6a2a1bc8f5328e0","start_id":"a66c7538311344b3805d2f07634c5d8b","end_id":"42c059fa4f904b7684b73597ef106da8","distance":31.100000000000001,"rank":"AZZ","r_method":"111","maint_date":" ","rt_struct":5,"route_type":6,"direction":2,"width":2,"vtcl_slope":7,"lev_diff":5,"tfc_signal":1,"tfc_s_type":1,"brail_tile":1,"elevator":1,"roof":2}},{"type":"Feature","id":100,"geometry":{"type":"LineString","coordinates":[[139.69867489779153,35.688410001341822],[139.69899469740142,35.688515154599656]]},"properties":{"FID":100,"link_id":"abdb4369e9ba4070b7a2693b71bdaae9","start_id":"cf58cd0745f241e885963a93bdf3615e","end_id":"98fc72e4f3f440358bf71b9e108df685","distance":31.199999999999999,"rank":"AZZ","r_method":"111","maint_date":" ","rt_struct":5,"route_type":6,"direction":2,"width":2,"vtcl_slope":7,"lev_diff":5,"tfc_signal":1,"tfc_s_type":1,"brail_tile":1,"elevator":1,"roof":2}},{"type":"Feature","id":101,"geometry":{"type":"LineString","coordinates":[[139.6990010689392,35.688502140519176],[139.6986846626495,35.688397520177602]]},"properties":{"FID":101,"link_id":"6113a2285c9143b9854ec8473455c64c","start_id":"2aa544a968564cec8994e0606a71248b","end_id":"b159c0f74b1843c4bca94432e5fb5e86","distance":30.899999999999999,"rank":"AZZ","r_method":"111","maint_date":" ","rt_struct":5,"route_type":6,"direction":2,"width":2,"vtcl_slope":8,"lev_diff":5,"tfc_signal":1,"tfc_s_type":1,"brail_tile":1,"elevator":1,"roof":2}},{"type":"Feature","id":102,"geometry":{"type":"LineString","coordinates":[[139.69918116885231,35.688581490639763],[139.69886733998135,35.688489203490633]]},"properties":{"FID":102,"link_id":"e1fa653048b94a5695777d1063b34417","start_id":"e4365ef27b14448eb770343c8a024f80","end_id":"ea71c5f746934d0a934c43782d861da5","distance":30.199999999999999,"rank":"AZZ","r_method":"111","maint_date":" ","rt_struct":5,"route_type":6,"direction":2,"width":2,"vtcl_slope":8,"lev_diff":5,"tfc_signal":1,"tfc_s_type":1,"brail_tile":1,"elevator":1,"roof":2}},{"type":"Feature","id":103,"geometry":{"type":"LineString","coordinates":[[139.69887396086926,35.68847575162971],[139.69918683888477,35.688568407263801]]},"properties":{"FID":103,"link_id":"2692fe08625f4a3f92d69a1380a58ccd","start_id":"5d2a3fac668d4a068a98e0b9e3aeaf5d","end_id":"57e00b46b8804e7f95bd92ba9a20fb7b","distance":30.100000000000001,"rank":"AZZ","r_method":"111","maint_date":" ","rt_struct":5,"route_type":6,"direction":2,"width":2,"vtcl_slope":7,"lev_diff":5,"tfc_signal":1,"tfc_s_type":1,"brail_tile":1,"elevator":1,"roof":2}},{"type":"Feature","id":104,"geometry":{"type":"LineString","coordinates":[[139.69888076579434,35.688461924102455],[139.69919214511333,35.688556161756253]]},"properties":{"FID":104,"link_id":"fd3365c80feb4bcab0437f74db5ad68d","start_id":"3937327cfc784f05bb25008e6e551680","end_id":"9358bfa335994d73b8ee8b883661b5a8","distance":30.100000000000001,"rank":"AZZ","r_method":"111","maint_date":" ","rt_struct":5,"route_type":6,"direction":2,"width":2,"vtcl_slope":7,"lev_diff":5,"tfc_signal":1,"tfc_s_type":1,"brail_tile":1,"elevator":1,"roof":2}},{"type":"Feature","id":105,"geometry":{"type":"LineString","coordinates":[[139.69891617269661,35.688529048098644],[139.69891350585124,35.688534123439126]]},"properties":{"FID":105,"link_id":"a61958a4e2e54d22ba88b7a521cc65cc","start_id":"ff7b087e74044c2c987803d8ed376bf2","end_id":"5ea0663da433489daf5153ad86b07a2b","distance":0.59999999999999998,"rank":"ASS","r_method":"111","maint_date":" ","rt_struct":5,"route_type":4,"direction":1,"width":2,"vtcl_slope":1,"lev_diff":1,"tfc_signal":1,"tfc_s_type":1,"brail_tile":1,"elevator":5,"roof":2}},{"type":"Feature","id":106,"geometry":{"type":"LineString","coordinates":[[139.69842954000683,35.68853965642171],[139.69837760069424,35.688520757774256]]},"properties":{"FID":106,"link_id":"23febef47c1a493ebf68f649dc97da93","start_id":"ddd8b253eebd4e6f96d83a565492a91a","end_id":"b757c70cbc5841aaaab1a8375cf51b24","distance":5.0999999999999996,"rank":"SZZ","r_method":"111","maint_date":" ","rt_struct":5,"route_type":5,"direction":1,"width":3,"vtcl_slope":7,"lev_diff":5,"tfc_signal":1,"tfc_s_type":1,"brail_tile":1,"elevator":1,"roof":2}},{"type":"Feature","id":107,"geometry":{"type":"LineString","coordinates":[[139.69936844428537,35.687605446961527],[139.69937941079399,35.687575261463905]]},"properties":{"FID":107,"link_id":"afb6c22c083e418faddf9cd1422504ce","start_id":"4b5ce9646e484f8485cee4bd66f187c7","end_id":"f1a311d35568419e928168685a4195d4","distance":3.5,"rank":"SSS","r_method":"111","maint_date":" ","rt_struct":5,"route_type":1,"direction":1,"width":4,"vtcl_slope":1,"lev_diff":1,"tfc_signal":1,"tfc_s_type":1,"brail_tile":2,"elevator":1,"roof":2}},{"type":"Feature","id":108,"geometry":{"type":"LineString","coordinates":[[139.69937941079399,35.687575261463905],[139.69943336267306,35.687588280480497]]},"properties":{"FID":108,"link_id":"1b868192cccb42409590b39fde41797c","start_id":"f1a311d35568419e928168685a4195d4","end_id":"1bd096135cb447c399d986d0d9a1152b","distance":5.0999999999999996,"rank":"SSS","r_method":"111","maint_date":" ","rt_struct":5,"route_type":1,"direction":1,"width":4,"vtcl_slope":1,"lev_diff":1,"tfc_signal":1,"tfc_s_type":1,"brail_tile":2,"elevator":1,"roof":2}},{"type":"Feature","id":109,"geometry":{"type":"LineString","coordinates":[[139.69945777635155,35.687527724745166],[139.69951750557152,35.687379297637221]]},"properties":{"FID":109,"link_id":"8e2ca70e3d574943840e3239482e88a7","start_id":"65116b8e7eeb4f1ea31a3e17dfc6da06","end_id":"9085924b967b4e04b623c776da92ba60","distance":17.300000000000001,"rank":"SSS","r_method":"111","maint_date":" ","rt_struct":5,"route_type":1,"direction":1,"width":4,"vtcl_slope":1,"lev_diff":1,"tfc_signal":1,"tfc_s_type":1,"brail_tile":2,"elevator":1,"roof":2}},{"type":"Feature","id":110,"geometry":{"type":"LineString","coordinates":[[139.69957888779174,35.687218081889966],[139.6996141044832,35.687134385527258]]},"properties":{"FID":110,"link_id":"e6cdab49ff2140369dd6333155aef2e4","start_id":"a0726c9df7674e50a05552de9c2cad3f","end_id":"24fb06c14bf2419db33d25849e30582d","distance":9.8000000000000007,"rank":"SAS","r_method":"111","maint_date":" ","rt_struct":5,"route_type":7,"direction":1,"width":4,"vtcl_slope":2,"lev_diff":1,"tfc_signal":1,"tfc_s_type":1,"brail_tile":1,"elevator":1,"roof":2}},{"type":"Feature","id":111,"geometry":{"type":"LineString","coordinates":[[139.6996342263177,35.687080636638541],[139.69961080890903,35.687049516964919]]},"properties":{"FID":111,"link_id":"88250072caf640e68a87487e2fc5cf14","start_id":"833fa92b58b94054920f7f96b5ffbf4e","end_id":"2146b61f474c457c904106249b12d9a1","distance":4.0999999999999996,"rank":"SSS","r_method":"111","maint_date":" ","rt_struct":5,"route_type":1,"direction":1,"width":4,"vtcl_slope":1,"lev_diff":1,"tfc_signal":1,"tfc_s_type":1,"brail_tile":1,"elevator":1,"roof":2}},{"type":"Feature","id":112,"geometry":{"type":"LineString","coordinates":[[139.6996141044832,35.687134385527258],[139.69958770955373,35.687087335331341]]},"properties":{"FID":112,"link_id":"d37a32a3fdc24a5292dad051944a3bf4","start_id":"24fb06c14bf2419db33d25849e30582d","end_id":"8ba344e42d9e4eea873f52d0b8a18bd7","distance":5.7000000000000002,"rank":"SSS","r_method":"111","maint_date":" ","rt_struct":5,"route_type":1,"direction":1,"width":4,"vtcl_slope":1,"lev_diff":1,"tfc_signal":1,"tfc_s_type":1,"brail_tile":2,"elevator":1,"roof":2}},{"type":"Feature","id":113,"geometry":{"type":"LineString","coordinates":[[139.69958770955373,35.687087335331341],[139.69941275282372,35.687048041203013]]},"properties":{"FID":113,"link_id":"dbc823a7c24344c18592200c8bafcbce","start_id":"8ba344e42d9e4eea873f52d0b8a18bd7","end_id":"eb89615864d14720b16a2cf04c8ade9f","distance":16.399999999999999,"rank":"SSS","r_method":"111","maint_date":" ","rt_struct":5,"route_type":1,"direction":1,"width":3,"vtcl_slope":1,"lev_diff":1,"tfc_signal":1,"tfc_s_type":1,"brail_tile":2,"elevator":1,"roof":2}},{"type":"Feature","id":114,"geometry":{"type":"LineString","coordinates":[[139.69941275282372,35.687048041203013],[139.69936863034457,35.687040163713391]]},"properties":{"FID":114,"link_id":"b11627b004444914a79e0822178195dc","start_id":"eb89615864d14720b16a2cf04c8ade9f","end_id":"6d25aaa5f22848d1899c1515f5c8d977","distance":4.0999999999999996,"rank":"SSS","r_method":"111","maint_date":" ","rt_struct":5,"route_type":1,"direction":1,"width":3,"vtcl_slope":1,"lev_diff":1,"tfc_signal":1,"tfc_s_type":1,"brail_tile":2,"elevator":1,"roof":2}},{"type":"Feature","id":115,"geometry":{"type":"LineString","coordinates":[[139.69936863034457,35.687040163713391],[139.69935540370682,35.68703710957459]]},"properties":{"FID":115,"link_id":"8efcde1b27f54aad9e742c3cef8ac607","start_id":"6d25aaa5f22848d1899c1515f5c8d977","end_id":"8f02ce2fdd65421e8c6b5b6e7a36aa5f","distance":1.2,"rank":"ASS","r_method":"111","maint_date":" ","rt_struct":5,"route_type":4,"direction":1,"width":2,"vtcl_slope":1,"lev_diff":1,"tfc_signal":1,"tfc_s_type":1,"brail_tile":1,"elevator":5,"roof":2}},{"type":"Feature","id":116,"geometry":{"type":"LineString","coordinates":[[139.6996342263177,35.687080636638541],[139.69958131245164,35.687061513884316]]},"properties":{"FID":116,"link_id":"0b8b5a4d180c42ad9fa7006bd17f7a9d","start_id":"833fa92b58b94054920f7f96b5ffbf4e","end_id":"5936d5af0a944dce99800d25a5875907","distance":5.2000000000000002,"rank":"SSS","r_method":"111","maint_date":" ","rt_struct":5,"route_type":1,"direction":1,"width":4,"vtcl_slope":1,"lev_diff":1,"tfc_signal":1,"tfc_s_type":1,"brail_tile":2,"elevator":1,"roof":2}},{"type":"Feature","id":117,"geometry":{"type":"LineString","coordinates":[[139.69951750557152,35.687379297637221],[139.69952610821258,35.68735866582324]]},"properties":{"FID":117,"link_id":"777346d9cc79413fa96537ed02c83cfa","start_id":"9085924b967b4e04b623c776da92ba60","end_id":"e0f7da59a9c844c1a493c3df0cae7e3d","distance":2.3999999999999999,"rank":"SAS","r_method":"111","maint_date":" ","rt_struct":5,"route_type":7,"direction":1,"width":4,"vtcl_slope":2,"lev_diff":1,"tfc_signal":1,"tfc_s_type":1,"brail_tile":1,"elevator":1,"roof":2}},{"type":"Feature","id":118,"geometry":{"type":"LineString","coordinates":[[139.69953430897749,35.687335209569596],[139.69956367366683,35.687259255798324]]},"properties":{"FID":118,"link_id":"7828070374bd43f49ba5f22adfe3a06c","start_id":"8d2235e246774998b55cb3e242ecfd1e","end_id":"c214778ed205421bac7040524dc63c2b","distance":8.8000000000000007,"rank":"SAS","r_method":"111","maint_date":" ","rt_struct":5,"route_type":7,"direction":1,"width":4,"vtcl_slope":2,"lev_diff":1,"tfc_signal":1,"tfc_s_type":1,"brail_tile":1,"elevator":1,"roof":2}},{"type":"Feature","id":119,"geometry":{"type":"LineString","coordinates":[[139.6996141044832,35.687134385527258],[139.6996342263177,35.687080636638541]]},"properties":{"FID":119,"link_id":"edca218bfce5405cac0dbbb943136baf","start_id":"24fb06c14bf2419db33d25849e30582d","end_id":"833fa92b58b94054920f7f96b5ffbf4e","distance":6.2000000000000002,"rank":"SSS","r_method":"111","maint_date":" ","rt_struct":5,"route_type":1,"direction":1,"width":4,"vtcl_slope":1,"lev_diff":1,"tfc_signal":1,"tfc_s_type":1,"brail_tile":2,"elevator":1,"roof":2}},{"type":"Feature","id":120,"geometry":{"type":"LineString","coordinates":[[139.69956367366683,35.687259255798324],[139.69957888779174,35.687218081889966]]},"properties":{"FID":120,"link_id":"21c3d698b19844b39d3fe66c299697e6","start_id":"c214778ed205421bac7040524dc63c2b","end_id":"a0726c9df7674e50a05552de9c2cad3f","distance":4.7999999999999998,"rank":"SSS","r_method":"111","maint_date":" ","rt_struct":5,"route_type":1,"direction":1,"width":4,"vtcl_slope":1,"lev_diff":1,"tfc_signal":1,"tfc_s_type":1,"brail_tile":2,"elevator":1,"roof":2}},{"type":"Feature","id":121,"geometry":{"type":"LineString","coordinates":[[139.69952610821258,35.68735866582324],[139.69953430897749,35.687335209569596]]},"properties":{"FID":121,"link_id":"e2f7391080b64a1da363a394498823f7","start_id":"e0f7da59a9c844c1a493c3df0cae7e3d","end_id":"8d2235e246774998b55cb3e242ecfd1e","distance":2.7000000000000002,"rank":"SSS","r_method":"111","maint_date":" ","rt_struct":5,"route_type":1,"direction":1,"width":4,"vtcl_slope":1,"lev_diff":1,"tfc_signal":1,"tfc_s_type":1,"brail_tile":2,"elevator":1,"roof":2}},{"type":"Feature","id":122,"geometry":{"type":"LineString","coordinates":[[139.69922637075274,35.688059150232561],[139.69925984594636,35.68801630934621]]},"properties":{"FID":122,"link_id":"450ed0019e754107b5a3acad64490214","start_id":"3d7aa1de3d284ba69787c5876b5b245a","end_id":"339f393a7f76484088e4b7357c5ed3b1","distance":5.5999999999999996,"rank":"SSS","r_method":"111","maint_date":" ","rt_struct":5,"route_type":1,"direction":1,"width":4,"vtcl_slope":1,"lev_diff":1,"tfc_signal":1,"tfc_s_type":1,"brail_tile":2,"elevator":1,"roof":2}},{"type":"Feature","id":123,"geometry":{"type":"LineString","coordinates":[[139.69925984594636,35.68801630934621],[139.69938365886412,35.687704875094823]]},"properties":{"FID":123,"link_id":"5ac17812747b4ac08f6f3302efc8e7e2","start_id":"339f393a7f76484088e4b7357c5ed3b1","end_id":"cc72a4c123d240ab8abe66d677e29f39","distance":36.299999999999997,"rank":"SSS","r_method":"111","maint_date":" ","rt_struct":5,"route_type":1,"direction":1,"width":4,"vtcl_slope":1,"lev_diff":1,"tfc_signal":1,"tfc_s_type":1,"brail_tile":2,"elevator":1,"roof":2}},{"type":"Feature","id":124,"geometry":{"type":"LineString","coordinates":[[139.69938365886412,35.687704875094823],[139.69933564904204,35.687693076815492]]},"properties":{"FID":124,"link_id":"d2c617a2273d458c8b7bc7187a0a4bd9","start_id":"cc72a4c123d240ab8abe66d677e29f39","end_id":"d1c63eb3b4af463789879c8b679b9e24","distance":4.5,"rank":"SSS","r_method":"111","maint_date":" ","rt_struct":5,"route_type":1,"direction":1,"width":4,"vtcl_slope":1,"lev_diff":1,"tfc_signal":1,"tfc_s_type":1,"brail_tile":2,"elevator":1,"roof":2}},{"type":"Feature","id":125,"geometry":{"type":"LineString","coordinates":[[139.6993430046856,35.687673579354055],[139.69936194697561,35.687622395403992]]},"properties":{"FID":125,"link_id":"af24f76aec9c47ee9d82a627e50fcc74","start_id":"2ca2e5022f854975a517802623b7f6bc","end_id":"77906ceac7004591bc56a10a556fae79","distance":5.9000000000000004,"rank":"SSS","r_method":"111","maint_date":" ","rt_struct":5,"route_type":1,"direction":1,"width":4,"vtcl_slope":1,"lev_diff":1,"tfc_signal":1,"tfc_s_type":1,"brail_tile":2,"elevator":1,"roof":2}},{"type":"Feature","id":126,"geometry":{"type":"LineString","coordinates":[[139.69931579773129,35.687639040117176],[139.69931159727435,35.687652111616615]]},"properties":{"FID":126,"link_id":"7c3c6af17f3a481183f183b36ba65291","start_id":"84ae033b5f6146ec9cc334da86d09612","end_id":"0919a5249d6e4dc8b4899750baafa2b3","distance":1.5,"rank":"ASS","r_method":"111","maint_date":" ","rt_struct":5,"route_type":4,"direction":1,"width":2,"vtcl_slope":1,"lev_diff":1,"tfc_signal":1,"tfc_s_type":1,"brail_tile":1,"elevator":5,"roof":2}},{"type":"Feature","id":127,"geometry":{"type":"LineString","coordinates":[[139.69931159727435,35.687652111616615],[139.69931012168047,35.687665681903184]]},"properties":{"FID":127,"link_id":"45d9f015ee1e46f79bef7fa49bff6f9a","start_id":"0919a5249d6e4dc8b4899750baafa2b3","end_id":"daac8332929f40aa83f433b6c667e577","distance":1.5,"rank":"SSS","r_method":"111","maint_date":" ","rt_struct":5,"route_type":1,"direction":1,"width":4,"vtcl_slope":1,"lev_diff":1,"tfc_signal":1,"tfc_s_type":1,"brail_tile":2,"elevator":1,"roof":2}},{"type":"Feature","id":128,"geometry":{"type":"LineString","coordinates":[[139.69931012168047,35.687665681903184],[139.6993430046856,35.687673579354055]]},"properties":{"FID":128,"link_id":"69c34a0db9554308a7c2f690015b98d8","start_id":"daac8332929f40aa83f433b6c667e577","end_id":"2ca2e5022f854975a517802623b7f6bc","distance":3.1000000000000001,"rank":"SSS","r_method":"111","maint_date":" ","rt_struct":5,"route_type":1,"direction":1,"width":4,"vtcl_slope":1,"lev_diff":1,"tfc_signal":1,"tfc_s_type":1,"brail_tile":2,"elevator":1,"roof":2}},{"type":"Feature","id":129,"geometry":{"type":"LineString","coordinates":[[139.69925984594636,35.68801630934621],[139.69925523268262,35.688038359831353]]},"properties":{"FID":129,"link_id":"6a521c0aa28e4c749bb8059144b8cc86","start_id":"339f393a7f76484088e4b7357c5ed3b1","end_id":"85cb82cf6f60468ea7cfeec72963e4b8","distance":2.5,"rank":"SSS","r_method":"111","maint_date":" ","rt_struct":5,"route_type":1,"direction":1,"width":4,"vtcl_slope":1,"lev_diff":1,"tfc_signal":1,"tfc_s_type":1,"brail_tile":1,"elevator":1,"roof":2}},{"type":"Feature","id":130,"geometry":{"type":"LineString","coordinates":[[139.69932793265934,35.687714884987656],[139.69933564904204,35.687693076815492]]},"properties":{"FID":130,"link_id":"c6c75e4c35fc4e7d941c700dea2b3ed9","start_id":"a038802f480141c9881657496cfabf7d","end_id":"d1c63eb3b4af463789879c8b679b9e24","distance":2.5,"rank":"SSS","r_method":"111","maint_date":" ","rt_struct":5,"route_type":1,"direction":1,"width":4,"vtcl_slope":1,"lev_diff":1,"tfc_signal":1,"tfc_s_type":1,"brail_tile":2,"elevator":1,"roof":2}},{"type":"Feature","id":131,"geometry":{"type":"LineString","coordinates":[[139.6993043072564,35.687685214428996],[139.69933564904204,35.687693076815492]]},"properties":{"FID":131,"link_id":"ebfc6d5235f94d8cb0626580982eb25f","start_id":"3c15d8b3c62b42e9bcd253a64e289f30","end_id":"d1c63eb3b4af463789879c8b679b9e24","distance":3,"rank":"SSS","r_method":"111","maint_date":" ","rt_struct":5,"route_type":1,"direction":1,"width":4,"vtcl_slope":1,"lev_diff":1,"tfc_signal":1,"tfc_s_type":1,"brail_tile":2,"elevator":1,"roof":2}},{"type":"Feature","id":132,"geometry":{"type":"LineString","coordinates":[[139.69945777635155,35.687527724745166],[139.69946763878704,35.687530107216787]]},"properties":{"FID":132,"link_id":"4ef31d18653846c08f47770c088a2a0f","start_id":"65116b8e7eeb4f1ea31a3e17dfc6da06","end_id":"439c8890520a4c2ba8b95338a9991540","distance":0.90000000000000002,"rank":"SSS","r_method":"111","maint_date":" ","rt_struct":5,"route_type":1,"direction":1,"width":4,"vtcl_slope":1,"lev_diff":1,"tfc_signal":1,"tfc_s_type":1,"brail_tile":2,"elevator":1,"roof":2}},{"type":"Feature","id":133,"geometry":{"type":"LineString","coordinates":[[139.69936194697561,35.687622395403992],[139.69936844428537,35.687605446961527]]},"properties":{"FID":133,"link_id":"967e8b882ad14db2979c375ad229d32a","start_id":"77906ceac7004591bc56a10a556fae79","end_id":"4b5ce9646e484f8485cee4bd66f187c7","distance":2,"rank":"ASS","r_method":"111","maint_date":" ","rt_struct":5,"route_type":1,"direction":1,"width":2,"vtcl_slope":1,"lev_diff":1,"tfc_signal":1,"tfc_s_type":1,"brail_tile":1,"elevator":1,"roof":2}},{"type":"Feature","id":134,"geometry":{"type":"LineString","coordinates":[[139.69933564904204,35.687693076815492],[139.6993430046856,35.687673579354055]]},"properties":{"FID":134,"link_id":"85532b2dec574b1498dbc7e2b2b39409","start_id":"d1c63eb3b4af463789879c8b679b9e24","end_id":"2ca2e5022f854975a517802623b7f6bc","distance":2.2999999999999998,"rank":"SSS","r_method":"111","maint_date":" ","rt_struct":5,"route_type":1,"direction":1,"width":4,"vtcl_slope":1,"lev_diff":1,"tfc_signal":1,"tfc_s_type":1,"brail_tile":2,"elevator":1,"roof":2}},{"type":"Feature","id":135,"geometry":{"type":"LineString","coordinates":[[139.69943336267306,35.687588280480497],[139.69945777635155,35.687527724745166]]},"properties":{"FID":135,"link_id":"e19e8974276540aca742c901b9b5591d","start_id":"1bd096135cb447c399d986d0d9a1152b","end_id":"65116b8e7eeb4f1ea31a3e17dfc6da06","distance":7.0999999999999996,"rank":"SSS","r_method":"111","maint_date":" ","rt_struct":5,"route_type":1,"direction":1,"width":4,"vtcl_slope":1,"lev_diff":1,"tfc_signal":1,"tfc_s_type":1,"brail_tile":2,"elevator":1,"roof":2}},{"type":"Feature","id":136,"geometry":{"type":"LineString","coordinates":[[139.69931579773129,35.687639040117176],[139.69932075969598,35.687640347219144]]},"properties":{"FID":136,"link_id":"b24ebc3e1bde40309f70486e9c99c5fd","start_id":"84ae033b5f6146ec9cc334da86d09612","end_id":"b01c10c078bb49aea3e7972ee0810cbf","distance":0.5,"rank":"ASS","r_method":"111","maint_date":" ","rt_struct":5,"route_type":4,"direction":1,"width":2,"vtcl_slope":1,"lev_diff":1,"tfc_signal":1,"tfc_s_type":1,"brail_tile":1,"elevator":5,"roof":2}},{"type":"Feature","id":137,"geometry":{"type":"LineString","coordinates":[[139.6991977842132,35.688135864632557],[139.69920326794841,35.688099405819003]]},"properties":{"FID":137,"link_id":"a622b94372e643d69f5f2f6c20d00186","start_id":"e26f39c2df0f4f3b82b9163d2230d4c8","end_id":"eb838d55673249e5b9d96ee19c7fde4d","distance":4.0999999999999996,"rank":"AZZ","r_method":"111","maint_date":" ","rt_struct":5,"route_type":5,"direction":1,"width":2,"vtcl_slope":7,"lev_diff":5,"tfc_signal":1,"tfc_s_type":1,"brail_tile":1,"elevator":1,"roof":2}},{"type":"Feature","id":138,"geometry":{"type":"LineString","coordinates":[[139.6992140286618,35.688149339283655],[139.69925523268262,35.688038359831353]]},"properties":{"FID":138,"link_id":"27d3ed498cc9423683ee7f502c5d2460","start_id":"4e646d48b0b84c488e02df1db355e67d","end_id":"85cb82cf6f60468ea7cfeec72963e4b8","distance":12.9,"rank":"AZZ","r_method":"111","maint_date":" ","rt_struct":5,"route_type":6,"direction":2,"width":2,"vtcl_slope":7,"lev_diff":5,"tfc_signal":1,"tfc_s_type":1,"brail_tile":1,"elevator":1,"roof":2}},{"type":"Feature","id":139,"geometry":{"type":"LineString","coordinates":[[139.69920326794841,35.688099405819003],[139.69920650768881,35.688091328646465]]},"properties":{"FID":139,"link_id":"b1899352851f46119f96ae2d5dbc5581","start_id":"eb838d55673249e5b9d96ee19c7fde4d","end_id":"3d154fc290ac43c992ec8de105c82997","distance":0.90000000000000002,"rank":"ASS","r_method":"111","maint_date":" ","rt_struct":5,"route_type":1,"direction":1,"width":2,"vtcl_slope":1,"lev_diff":1,"tfc_signal":1,"tfc_s_type":1,"brail_tile":1,"elevator":1,"roof":2}},{"type":"Feature","id":140,"geometry":{"type":"LineString","coordinates":[[139.69920650768881,35.688091328646465],[139.69922637075274,35.688059150232561]]},"properties":{"FID":140,"link_id":"41b6ebb3ce0846719aa1c9985f9cd4d1","start_id":"3d154fc290ac43c992ec8de105c82997","end_id":"3d7aa1de3d284ba69787c5876b5b245a","distance":4,"rank":"AZZ","r_method":"111","maint_date":" ","rt_struct":5,"route_type":5,"direction":1,"width":2,"vtcl_slope":7,"lev_diff":5,"tfc_signal":1,"tfc_s_type":1,"brail_tile":1,"elevator":1,"roof":2}},{"type":"Feature","id":141,"geometry":{"type":"LineString","coordinates":[[139.69852784241641,35.688537382413926],[139.69892524478678,35.688679902484296]]},"properties":{"FID":141,"link_id":"0d5f13f0c24b4bbc943cb6f5e9ccdfcd","start_id":"e1552d159fe8419ea35ac5ac6b0ba419","end_id":"3590dd563c9e4d0caefc418ff09a5091","distance":39.299999999999997,"rank":"SSS","r_method":"111","maint_date":" ","rt_struct":5,"route_type":1,"direction":1,"width":4,"vtcl_slope":1,"lev_diff":1,"tfc_signal":1,"tfc_s_type":1,"brail_tile":2,"elevator":1,"roof":2}},{"type":"Feature","id":142,"geometry":{"type":"LineString","coordinates":[[139.69892524478678,35.688679902484296],[139.69890330224996,35.688730410584071]]},"properties":{"FID":142,"link_id":"0e26a58679094197af2d7a30f8e8cda8","start_id":"3590dd563c9e4d0caefc418ff09a5091","end_id":"44e1d63903da4ed1b0cd382e48ec2006","distance":5.9000000000000004,"rank":"SSS","r_method":"111","maint_date":" ","rt_struct":5,"route_type":1,"direction":1,"width":4,"vtcl_slope":1,"lev_diff":1,"tfc_signal":1,"tfc_s_type":1,"brail_tile":2,"elevator":1,"roof":2}},{"type":"Feature","id":143,"geometry":{"type":"LineString","coordinates":[[139.69892524478678,35.688679902484296],[139.69888011379294,35.688748411185259]]},"properties":{"FID":143,"link_id":"b6257523ee95485095e4dd265042145b","start_id":"3590dd563c9e4d0caefc418ff09a5091","end_id":"2a65aa4b9c994f8dbedade7140bbb152","distance":8.5999999999999996,"rank":"SSS","r_method":"111","maint_date":" ","rt_struct":5,"route_type":1,"direction":1,"width":4,"vtcl_slope":1,"lev_diff":1,"tfc_signal":1,"tfc_s_type":1,"brail_tile":1,"elevator":1,"roof":2}},{"type":"Feature","id":144,"geometry":{"type":"LineString","coordinates":[[139.69892524478678,35.688679902484296],[139.69886282326036,35.688746278160806]]},"properties":{"FID":144,"link_id":"1eda7d2d625e4aba8841c3c8bcdc3774","start_id":"3590dd563c9e4d0caefc418ff09a5091","end_id":"f3a6f04d22a34b87aa27dd6c7c1b362b","distance":9.3000000000000007,"rank":"SSS","r_method":"111","maint_date":" ","rt_struct":5,"route_type":1,"direction":1,"width":4,"vtcl_slope":1,"lev_diff":1,"tfc_signal":1,"tfc_s_type":1,"brail_tile":1,"elevator":1,"roof":2}},{"type":"Feature","id":145,"geometry":{"type":"LineString","coordinates":[[139.69891617269661,35.688529048098644],[139.69894147534762,35.688535697810664]]},"properties":{"FID":145,"link_id":"b1a8bca5b2ac453bb9a24d76ac5be880","start_id":"ff7b087e74044c2c987803d8ed376bf2","end_id":"73e40407af7d4341b97011e3cb266818","distance":2.3999999999999999,"rank":"ASS","r_method":"111","maint_date":" ","rt_struct":5,"route_type":4,"direction":1,"width":2,"vtcl_slope":1,"lev_diff":1,"tfc_signal":1,"tfc_s_type":1,"brail_tile":1,"elevator":5,"roof":2}},{"type":"Feature","id":146,"geometry":{"type":"LineString","coordinates":[[139.69858146806541,35.68840700250189],[139.69856101508208,35.688443523848548]]},"properties":{"FID":146,"link_id":"f8ba6573fa4f410fbbc687f44e378bed","start_id":"623ac70c9d014b48b7cb694f87a5cee9","end_id":"f845fd677b99421790d275f9fad65e1f","distance":4.5,"rank":"SSS","r_method":"111","maint_date":" ","rt_struct":5,"route_type":1,"direction":1,"width":4,"vtcl_slope":1,"lev_diff":1,"tfc_signal":1,"tfc_s_type":1,"brail_tile":1,"elevator":1,"roof":2}},{"type":"Feature","id":147,"geometry":{"type":"LineString","coordinates":[[139.69856101508208,35.688443523848548],[139.69874265804492,35.688512286157277]]},"properties":{"FID":147,"link_id":"20abd50c475145ac9d67de91ad211baa","start_id":"f845fd677b99421790d275f9fad65e1f","end_id":"0133db5758ad493585959b7363cb4242","distance":18.100000000000001,"rank":"SSS","r_method":"111","maint_date":" ","rt_struct":5,"route_type":1,"direction":1,"width":3,"vtcl_slope":1,"lev_diff":1,"tfc_signal":1,"tfc_s_type":1,"brail_tile":1,"elevator":1,"roof":2}},{"type":"Feature","id":148,"geometry":{"type":"LineString","coordinates":[[139.69874265804492,35.688512286157277],[139.69878314461766,35.68844282948146]]},"properties":{"FID":148,"link_id":"1dbe550068c14835ad39dcc321137afd","start_id":"0133db5758ad493585959b7363cb4242","end_id":"453ea111f1524cef8f3ac139bbf2e26b","distance":8.5,"rank":"SSS","r_method":"111","maint_date":" ","rt_struct":5,"route_type":1,"direction":1,"width":4,"vtcl_slope":1,"lev_diff":1,"tfc_signal":1,"tfc_s_type":1,"brail_tile":1,"elevator":1,"roof":2}},{"type":"Feature","id":149,"geometry":{"type":"LineString","coordinates":[[139.69931647946999,35.687652889525737],[139.69930566518349,35.687657442926252]]},"properties":{"FID":149,"link_id":"b8baaf8f89744e35a9e307f337f8e476","start_id":"d87eb66184b047ddac47c33bd0b3a729","end_id":"d7f1fbb63a034335aaa1c5b49955dfda","distance":1.1000000000000001,"rank":"SSS","r_method":"111","maint_date":" ","rt_struct":5,"route_type":1,"direction":1,"width":4,"vtcl_slope":1,"lev_diff":1,"tfc_signal":1,"tfc_s_type":1,"brail_tile":2,"elevator":1,"roof":2}},{"type":"Feature","id":150,"geometry":{"type":"LineString","coordinates":[[139.69930566518349,35.687657442926252],[139.6992014169665,35.687938558784481]]},"properties":{"FID":150,"link_id":"94453b6d55ba4ff4af92d0665a0375fa","start_id":"d7f1fbb63a034335aaa1c5b49955dfda","end_id":"ed5984f877684952a829e8b86f444480","distance":32.600000000000001,"rank":"SSS","r_method":"111","maint_date":" ","rt_struct":5,"route_type":1,"direction":1,"width":4,"vtcl_slope":1,"lev_diff":1,"tfc_signal":1,"tfc_s_type":1,"brail_tile":2,"elevator":1,"roof":2}},{"type":"Feature","id":151,"geometry":{"type":"LineString","coordinates":[[139.69916973362285,35.68802377776052],[139.69916645136982,35.688031509660107]]},"properties":{"FID":151,"link_id":"098ff25f8d24447bbbe64ce554499b63","start_id":"e23d3316968c4988889c424fd9d42f90","end_id":"35c6aaf85f4e482f9c0677726b8ba857","distance":0.90000000000000002,"rank":"SSS","r_method":"111","maint_date":" ","rt_struct":5,"route_type":1,"direction":1,"width":4,"vtcl_slope":1,"lev_diff":1,"tfc_signal":1,"tfc_s_type":1,"brail_tile":2,"elevator":1,"roof":2}},{"type":"Feature","id":152,"geometry":{"type":"LineString","coordinates":[[139.69916645136982,35.688031509660107],[139.6991376448882,35.688024458585005]]},"properties":{"FID":152,"link_id":"4600d5cb18f740f48db0dfe8a2d8bcf6","start_id":"35c6aaf85f4e482f9c0677726b8ba857","end_id":"9c0318aac3a04236998dfe2cc6760863","distance":2.7000000000000002,"rank":"SSS","r_method":"111","maint_date":" ","rt_struct":5,"route_type":1,"direction":1,"width":4,"vtcl_slope":1,"lev_diff":1,"tfc_signal":1,"tfc_s_type":1,"brail_tile":2,"elevator":1,"roof":2}},{"type":"Feature","id":153,"geometry":{"type":"LineString","coordinates":[[139.69907163399796,35.688201475346204],[139.69899087731039,35.688411358488906]]},"properties":{"FID":153,"link_id":"3528b484d2fd44689e28f1bc3b89348d","start_id":"4b17a943076344628d0b8ce9598e3c02","end_id":"6bd46cd107a4491bba3469e8f51f9900","distance":24.399999999999999,"rank":"SSS","r_method":"111","maint_date":" ","rt_struct":5,"route_type":1,"direction":1,"width":4,"vtcl_slope":1,"lev_diff":1,"tfc_signal":1,"tfc_s_type":1,"brail_tile":2,"elevator":1,"roof":2}},{"type":"Feature","id":154,"geometry":{"type":"LineString","coordinates":[[139.69858146806541,35.68840700250189],[139.69866902676006,35.688424304022647]]},"properties":{"FID":154,"link_id":"b357b136673e4d38bd02704d67356a39","start_id":"623ac70c9d014b48b7cb694f87a5cee9","end_id":"a66c7538311344b3805d2f07634c5d8b","distance":8.1999999999999993,"rank":"SSS","r_method":"111","maint_date":" ","rt_struct":5,"route_type":1,"direction":1,"width":4,"vtcl_slope":1,"lev_diff":1,"tfc_signal":1,"tfc_s_type":1,"brail_tile":1,"elevator":1,"roof":2}},{"type":"Feature","id":155,"geometry":{"type":"LineString","coordinates":[[139.69858146806541,35.68840700250189],[139.69867489779153,35.688410001341822]]},"properties":{"FID":155,"link_id":"9783c0f67a97486293d9daca288b443d","start_id":"623ac70c9d014b48b7cb694f87a5cee9","end_id":"cf58cd0745f241e885963a93bdf3615e","distance":8.5,"rank":"SSS","r_method":"111","maint_date":" ","rt_struct":5,"route_type":1,"direction":1,"width":4,"vtcl_slope":1,"lev_diff":1,"tfc_signal":1,"tfc_s_type":1,"brail_tile":1,"elevator":1,"roof":2}},{"type":"Feature","id":156,"geometry":{"type":"LineString","coordinates":[[139.69858146806541,35.68840700250189],[139.6986846626495,35.688397520177602]]},"properties":{"FID":156,"link_id":"83c8b4c2ac05406ebd345fb9aee2dfca","start_id":"623ac70c9d014b48b7cb694f87a5cee9","end_id":"b159c0f74b1843c4bca94432e5fb5e86","distance":9.4000000000000004,"rank":"SSS","r_method":"111","maint_date":" ","rt_struct":5,"route_type":1,"direction":1,"width":4,"vtcl_slope":1,"lev_diff":1,"tfc_signal":1,"tfc_s_type":1,"brail_tile":1,"elevator":1,"roof":2}},{"type":"Feature","id":157,"geometry":{"type":"LineString","coordinates":[[139.69886733998135,35.688489203490633],[139.69878314461766,35.68844282948146]]},"properties":{"FID":157,"link_id":"6d50f884e12d43979ed80980ea53b58b","start_id":"ea71c5f746934d0a934c43782d861da5","end_id":"453ea111f1524cef8f3ac139bbf2e26b","distance":9.1999999999999993,"rank":"SSS","r_method":"111","maint_date":" ","rt_struct":5,"route_type":1,"direction":1,"width":4,"vtcl_slope":1,"lev_diff":1,"tfc_signal":1,"tfc_s_type":1,"brail_tile":1,"elevator":1,"roof":2}},{"type":"Feature","id":158,"geometry":{"type":"LineString","coordinates":[[139.69887396086926,35.68847575162971],[139.69878314461766,35.68844282948146]]},"properties":{"FID":158,"link_id":"525935a8223f47698df67818a2af4362","start_id":"5d2a3fac668d4a068a98e0b9e3aeaf5d","end_id":"453ea111f1524cef8f3ac139bbf2e26b","distance":9,"rank":"SSS","r_method":"111","maint_date":" ","rt_struct":5,"route_type":1,"direction":1,"width":4,"vtcl_slope":1,"lev_diff":1,"tfc_signal":1,"tfc_s_type":1,"brail_tile":1,"elevator":1,"roof":2}},{"type":"Feature","id":159,"geometry":{"type":"LineString","coordinates":[[139.69888076579434,35.688461924102455],[139.69878314461766,35.68844282948146]]},"properties":{"FID":159,"link_id":"1075213aa60b4d9fa79c5cb0b29b1b5a","start_id":"3937327cfc784f05bb25008e6e551680","end_id":"453ea111f1524cef8f3ac139bbf2e26b","distance":9.0999999999999996,"rank":"SSS","r_method":"111","maint_date":" ","rt_struct":5,"route_type":1,"direction":1,"width":4,"vtcl_slope":1,"lev_diff":1,"tfc_signal":1,"tfc_s_type":1,"brail_tile":1,"elevator":1,"roof":2}},{"type":"Feature","id":160,"geometry":{"type":"LineString","coordinates":[[139.69907163399955,35.688201474444895],[139.69911478379379,35.688211932481465]]},"properties":{"FID":160,"link_id":"008b0f9c620c47d7b99a1dbe04b40ff8","start_id":"4b17a943076344628d0b8ce9598e3c02","end_id":"739b48540e42449d80464e2590de95b4","distance":4.0999999999999996,"rank":"SSS","r_method":"111","maint_date":" ","rt_struct":5,"route_type":1,"direction":1,"width":4,"vtcl_slope":1,"lev_diff":1,"tfc_signal":1,"tfc_s_type":1,"brail_tile":2,"elevator":1,"roof":2}},{"type":"Feature","id":161,"geometry":{"type":"LineString","coordinates":[[139.6991977842132,35.688135864632557],[139.69916809459517,35.688225332180764]]},"properties":{"FID":161,"link_id":"ea22edcd936a47c89a71497c0dff8947","start_id":"e26f39c2df0f4f3b82b9163d2230d4c8","end_id":"2cb40a245e2143f7a86420ff8c5cf839","distance":10.300000000000001,"rank":"SSS","r_method":"111","maint_date":" ","rt_struct":5,"route_type":1,"direction":1,"width":4,"vtcl_slope":1,"lev_diff":1,"tfc_signal":1,"tfc_s_type":1,"brail_tile":2,"elevator":1,"roof":2}},{"type":"Feature","id":162,"geometry":{"type":"LineString","coordinates":[[139.69916809459517,35.688225332180764],[139.69908553781681,35.688450008466532]]},"properties":{"FID":162,"link_id":"d0b6a1b41204436cacc8cc0edae20d68","start_id":"2cb40a245e2143f7a86420ff8c5cf839","end_id":"0d95b1d694214f709b5b8b671621a7e8","distance":26,"rank":"SSS","r_method":"111","maint_date":" ","rt_struct":5,"route_type":1,"direction":1,"width":4,"vtcl_slope":1,"lev_diff":1,"tfc_signal":1,"tfc_s_type":1,"brail_tile":2,"elevator":1,"roof":2}},{"type":"Feature","id":163,"geometry":{"type":"LineString","coordinates":[[139.69899087731039,35.688411358488906],[139.69903208915639,35.688418581178382]]},"properties":{"FID":163,"link_id":"291d449b63224d49ae45000c2c16b7ca","start_id":"6bd46cd107a4491bba3469e8f51f9900","end_id":"c2d390021c29442f86dda359e503febd","distance":3.7999999999999998,"rank":"SSS","r_method":"111","maint_date":" ","rt_struct":5,"route_type":1,"direction":1,"width":4,"vtcl_slope":1,"lev_diff":1,"tfc_signal":1,"tfc_s_type":1,"brail_tile":1,"elevator":1,"roof":2}},{"type":"Feature","id":164,"geometry":{"type":"LineString","coordinates":[[139.69908553781681,35.688450008466532],[139.69904865565388,35.688499000054719]]},"properties":{"FID":164,"link_id":"4f61586f0f894f239bd77ddf458d5f16","start_id":"0d95b1d694214f709b5b8b671621a7e8","end_id":"5a5476fd840f46d8adef34d302f7e4ae","distance":6.4000000000000004,"rank":"SSS","r_method":"111","maint_date":" ","rt_struct":5,"route_type":1,"direction":1,"width":4,"vtcl_slope":1,"lev_diff":1,"tfc_signal":1,"tfc_s_type":1,"brail_tile":2,"elevator":1,"roof":2}},{"type":"Feature","id":165,"geometry":{"type":"LineString","coordinates":[[139.69904865565388,35.688499000054719],[139.69902419255891,35.688562967326561]]},"properties":{"FID":165,"link_id":"f7671c07bc8d4f059fafa42d307f6873","start_id":"5a5476fd840f46d8adef34d302f7e4ae","end_id":"f0c6fcd2df794a95b57d1bfed39bd532","distance":7.4000000000000004,"rank":"SSS","r_method":"111","maint_date":" ","rt_struct":5,"route_type":1,"direction":1,"width":4,"vtcl_slope":1,"lev_diff":1,"tfc_signal":1,"tfc_s_type":1,"brail_tile":1,"elevator":1,"roof":2}},{"type":"Feature","id":166,"geometry":{"type":"LineString","coordinates":[[139.69894147534762,35.688535697810664],[139.69902419255891,35.688562967326561]]},"properties":{"FID":166,"link_id":"f8741dd7079b48afa727fc3774f54a63","start_id":"73e40407af7d4341b97011e3cb266818","end_id":"f0c6fcd2df794a95b57d1bfed39bd532","distance":8.0999999999999996,"rank":"SSS","r_method":"111","maint_date":" ","rt_struct":5,"route_type":1,"direction":1,"width":4,"vtcl_slope":1,"lev_diff":1,"tfc_signal":1,"tfc_s_type":1,"brail_tile":1,"elevator":1,"roof":2}},{"type":"Feature","id":167,"geometry":{"type":"LineString","coordinates":[[139.69903208915639,35.688418581178382],[139.69904727737651,35.68836942658703]]},"properties":{"FID":167,"link_id":"790fc4f596c547169d3888cd1d709b21","start_id":"c2d390021c29442f86dda359e503febd","end_id":"9c7256cd531a4154abd7353ace7797be","distance":5.5999999999999996,"rank":"SSS","r_method":"111","maint_date":" ","rt_struct":5,"route_type":1,"direction":1,"width":4,"vtcl_slope":1,"lev_diff":1,"tfc_signal":1,"tfc_s_type":1,"brail_tile":1,"elevator":1,"roof":2}},{"type":"Feature","id":168,"geometry":{"type":"LineString","coordinates":[[139.69903208915639,35.688418581178382],[139.69906244812955,35.688372880431928]]},"properties":{"FID":168,"link_id":"9609e8988c7f4ca8a2842bbc882d036e","start_id":"c2d390021c29442f86dda359e503febd","end_id":"c99810e72aa449b284a4d630880a7aa9","distance":5.7999999999999998,"rank":"SSS","r_method":"111","maint_date":" ","rt_struct":5,"route_type":1,"direction":1,"width":4,"vtcl_slope":1,"lev_diff":1,"tfc_signal":1,"tfc_s_type":1,"brail_tile":1,"elevator":1,"roof":2}},{"type":"Feature","id":169,"geometry":{"type":"LineString","coordinates":[[139.69903208915639,35.688418581178382],[139.69907780553763,35.688376375946007]]},"properties":{"FID":169,"link_id":"949ab3e3360b4a13bd7eecfc5cc48f6f","start_id":"c2d390021c29442f86dda359e503febd","end_id":"2e077fee47704b5292d1f56de9e5615b","distance":6.2000000000000002,"rank":"SSS","r_method":"111","maint_date":" ","rt_struct":5,"route_type":1,"direction":1,"width":4,"vtcl_slope":1,"lev_diff":1,"tfc_signal":1,"tfc_s_type":1,"brail_tile":1,"elevator":1,"roof":2}},{"type":"Feature","id":170,"geometry":{"type":"LineString","coordinates":[[139.69911478379527,35.688211931580156],[139.69912309458289,35.688151938447902]]},"properties":{"FID":170,"link_id":"d4bdd351c95f4b2eaca81535c64dd313","start_id":"739b48540e42449d80464e2590de95b4","end_id":"bbf1fb4053bf4348adbfffc3370ccbee","distance":6.7000000000000002,"rank":"SSS","r_method":"111","maint_date":" ","rt_struct":5,"route_type":1,"direction":1,"width":4,"vtcl_slope":1,"lev_diff":1,"tfc_signal":1,"tfc_s_type":1,"brail_tile":1,"elevator":1,"roof":2}},{"type":"Feature","id":171,"geometry":{"type":"LineString","coordinates":[[139.69911478379379,35.688211932481465],[139.69913889320878,35.688155846372183]]},"properties":{"FID":171,"link_id":"23c68a24d8164fbba3037a5e6bfb15b0","start_id":"739b48540e42449d80464e2590de95b4","end_id":"19973a6cadb8482eb342b0e2c5099d71","distance":6.5999999999999996,"rank":"SSS","r_method":"111","maint_date":" ","rt_struct":5,"route_type":1,"direction":1,"width":4,"vtcl_slope":1,"lev_diff":1,"tfc_signal":1,"tfc_s_type":1,"brail_tile":1,"elevator":1,"roof":2}},{"type":"Feature","id":172,"geometry":{"type":"LineString","coordinates":[[139.69911478379379,35.688211932481465],[139.6991557487604,35.688160015067126]]},"properties":{"FID":172,"link_id":"88b92b941bd64af9969ef78ea87ca658","start_id":"739b48540e42449d80464e2590de95b4","end_id":"7143b8b77725447a92516b14f02472cb","distance":6.9000000000000004,"rank":"SSS","r_method":"111","maint_date":" ","rt_struct":5,"route_type":1,"direction":1,"width":4,"vtcl_slope":1,"lev_diff":1,"tfc_signal":1,"tfc_s_type":1,"brail_tile":1,"elevator":1,"roof":2}},{"type":"Feature","id":173,"geometry":{"type":"LineString","coordinates":[[139.6992140286618,35.688149339283655],[139.69916809459517,35.688225332180764]]},"properties":{"FID":173,"link_id":"c557657e9be3447d8505167662ee32eb","start_id":"4e646d48b0b84c488e02df1db355e67d","end_id":"2cb40a245e2143f7a86420ff8c5cf839","distance":9.4000000000000004,"rank":"SSS","r_method":"111","maint_date":" ","rt_struct":5,"route_type":1,"direction":1,"width":4,"vtcl_slope":1,"lev_diff":1,"tfc_signal":1,"tfc_s_type":1,"brail_tile":1,"elevator":1,"roof":2}},{"type":"Feature","id":174,"geometry":{"type":"LineString","coordinates":[[139.69931647946999,35.687652889525737],[139.69932075969598,35.687640347219144]]},"properties":{"FID":174,"link_id":"22a89e60fb294e1a9a94e601045fa837","start_id":"d87eb66184b047ddac47c33bd0b3a729","end_id":"b01c10c078bb49aea3e7972ee0810cbf","distance":1.3999999999999999,"rank":"ASS","r_method":"111","maint_date":" ","rt_struct":5,"route_type":4,"direction":1,"width":2,"vtcl_slope":1,"lev_diff":1,"tfc_signal":1,"tfc_s_type":1,"brail_tile":1,"elevator":5,"roof":2}},{"type":"Feature","id":175,"geometry":{"type":"LineString","coordinates":[[139.69916973362285,35.68802377776052],[139.69920189775667,35.688031516708861]]},"properties":{"FID":175,"link_id":"95ca788ef5854e8ea979323ece21e54e","start_id":"e23d3316968c4988889c424fd9d42f90","end_id":"1dda661f6f1d40d792e91d56894ef902","distance":3,"rank":"SSS","r_method":"111","maint_date":" ","rt_struct":5,"route_type":1,"direction":1,"width":4,"vtcl_slope":1,"lev_diff":1,"tfc_signal":1,"tfc_s_type":1,"brail_tile":2,"elevator":1,"roof":2}},{"type":"Feature","id":176,"geometry":{"type":"LineString","coordinates":[[139.69852784241641,35.688537382413926],[139.69848980781944,35.688524463748649]]},"properties":{"FID":176,"link_id":"150b75cb92f7438f8213576efefc1e1a","start_id":"e1552d159fe8419ea35ac5ac6b0ba419","end_id":"d021be8eb54e471f9b421f898f3e895a","distance":3.7000000000000002,"rank":"SAS","r_method":"111","maint_date":" ","rt_struct":5,"route_type":7,"direction":1,"width":4,"vtcl_slope":2,"lev_diff":1,"tfc_signal":1,"tfc_s_type":1,"brail_tile":2,"elevator":1,"roof":2}},{"type":"Feature","id":177,"geometry":{"type":"LineString","coordinates":[[139.69848980781944,35.688524463748649],[139.698477430754,35.688547588050767]]},"properties":{"FID":177,"link_id":"08aeba6f34cb47fba209a10d3dfe22e1","start_id":"d021be8eb54e471f9b421f898f3e895a","end_id":"9b4061b6b0934d25902e8fe0fbc00a9b","distance":2.7999999999999998,"rank":"SAS","r_method":"111","maint_date":" ","rt_struct":5,"route_type":7,"direction":1,"width":4,"vtcl_slope":2,"lev_diff":1,"tfc_signal":1,"tfc_s_type":1,"brail_tile":2,"elevator":1,"roof":2}},{"type":"Feature","id":178,"geometry":{"type":"LineString","coordinates":[[139.698477430754,35.688547588050767],[139.69842954000683,35.68853965642171]]},"properties":{"FID":178,"link_id":"3ded7f6578d74a839bf30d765fadc692","start_id":"9b4061b6b0934d25902e8fe0fbc00a9b","end_id":"ddd8b253eebd4e6f96d83a565492a91a","distance":4.4000000000000004,"rank":"SSS","r_method":"111","maint_date":" ","rt_struct":5,"route_type":1,"direction":1,"width":4,"vtcl_slope":1,"lev_diff":1,"tfc_signal":1,"tfc_s_type":1,"brail_tile":2,"elevator":1,"roof":2}},{"type":"Feature","id":179,"geometry":{"type":"LineString","coordinates":[[139.69880578874177,35.688404168890486],[139.69899087731039,35.688411358488906]]},"properties":{"FID":179,"link_id":"55ef6f47ff854c04b6c1a8800ad16e12","start_id":"180ce956ffb7470b9cc42ec7e75255d4","end_id":"6bd46cd107a4491bba3469e8f51f9900","distance":16.800000000000001,"rank":"SSS","r_method":"111","maint_date":" ","rt_struct":5,"route_type":1,"direction":1,"width":4,"vtcl_slope":1,"lev_diff":1,"tfc_signal":1,"tfc_s_type":1,"brail_tile":1,"elevator":1,"roof":2}},{"type":"Feature","id":180,"geometry":{"type":"LineString","coordinates":[[139.6991859470744,35.687980518349548],[139.6992086361721,35.687986080745588]]},"properties":{"FID":180,"link_id":"e4561908aad344cb83b5716b92b213d5","start_id":"fc049e5aa38c4e61bcb8832412cedf72","end_id":"b019a547edae4fa58d5122e950dbae14","distance":2.1000000000000001,"rank":"SSS","r_method":"111","maint_date":" ","rt_struct":5,"route_type":1,"direction":1,"width":4,"vtcl_slope":1,"lev_diff":1,"tfc_signal":1,"tfc_s_type":1,"brail_tile":2,"elevator":1,"roof":2}},{"type":"Feature","id":181,"geometry":{"type":"LineString","coordinates":[[139.6992014169665,35.687938558784481],[139.69923062439193,35.687945008175859]]},"properties":{"FID":181,"link_id":"fe47ddc531474c1aa0cd814f33680ecc","start_id":"ed5984f877684952a829e8b86f444480","end_id":"3c5c2ccdd1014dbcba9f287702b24823","distance":2.7000000000000002,"rank":"SSS","r_method":"111","maint_date":" ","rt_struct":5,"route_type":1,"direction":1,"width":4,"vtcl_slope":1,"lev_diff":1,"tfc_signal":1,"tfc_s_type":1,"brail_tile":2,"elevator":1,"roof":2}},{"type":"Feature","id":182,"geometry":{"type":"LineString","coordinates":[[139.69878314461766,35.68844282948146],[139.69880578874177,35.688404168890486]]},"properties":{"FID":182,"link_id":"a4ed9fc953984c52a914f0cbe73cd318","start_id":"453ea111f1524cef8f3ac139bbf2e26b","end_id":"180ce956ffb7470b9cc42ec7e75255d4","distance":4.7999999999999998,"rank":"SSS","r_method":"111","maint_date":" ","rt_struct":5,"route_type":1,"direction":1,"width":4,"vtcl_slope":1,"lev_diff":1,"tfc_signal":1,"tfc_s_type":1,"brail_tile":1,"elevator":1,"roof":2}},{"type":"Feature","id":183,"geometry":{"type":"LineString","coordinates":[[139.6991859470744,35.687980518349548],[139.69916973362285,35.68802377776052]]},"properties":{"FID":183,"link_id":"8d2dea0d09e342bdacac639ca1204589","start_id":"fc049e5aa38c4e61bcb8832412cedf72","end_id":"e23d3316968c4988889c424fd9d42f90","distance":5,"rank":"SSS","r_method":"111","maint_date":" ","rt_struct":5,"route_type":1,"direction":1,"width":4,"vtcl_slope":1,"lev_diff":1,"tfc_signal":1,"tfc_s_type":1,"brail_tile":2,"elevator":1,"roof":2}},{"type":"Feature","id":184,"geometry":{"type":"LineString","coordinates":[[139.6992014169665,35.687938558784481],[139.6991859470744,35.687980518349548]]},"properties":{"FID":184,"link_id":"231172d85a5145a2b504d5923dc097b3","start_id":"ed5984f877684952a829e8b86f444480","end_id":"fc049e5aa38c4e61bcb8832412cedf72","distance":4.9000000000000004,"rank":"SSS","r_method":"111","maint_date":" ","rt_struct":5,"route_type":1,"direction":1,"width":4,"vtcl_slope":1,"lev_diff":1,"tfc_signal":1,"tfc_s_type":1,"brail_tile":2,"elevator":1,"roof":2}},{"type":"Feature","id":185,"geometry":{"type":"LineString","coordinates":[[139.69911478379379,35.688211932481465],[139.69916809459517,35.688225332180764]]},"properties":{"FID":185,"link_id":"04881586eea54d7f92cd7ab0076a6004","start_id":"739b48540e42449d80464e2590de95b4","end_id":"2cb40a245e2143f7a86420ff8c5cf839","distance":5,"rank":"SSS","r_method":"111","maint_date":" ","rt_struct":5,"route_type":1,"direction":1,"width":4,"vtcl_slope":1,"lev_diff":1,"tfc_signal":1,"tfc_s_type":1,"brail_tile":2,"elevator":1,"roof":2}},{"type":"Feature","id":186,"geometry":{"type":"LineString","coordinates":[[139.69903208915639,35.688418581178382],[139.69908553781681,35.688450008466532]]},"properties":{"FID":186,"link_id":"fa3066692a224556a5b6e9d6ecb66ff9","start_id":"c2d390021c29442f86dda359e503febd","end_id":"0d95b1d694214f709b5b8b671621a7e8","distance":6,"rank":"SSS","r_method":"111","maint_date":" ","rt_struct":5,"route_type":1,"direction":1,"width":4,"vtcl_slope":1,"lev_diff":1,"tfc_signal":1,"tfc_s_type":1,"brail_tile":1,"elevator":1,"roof":2}},{"type":"Feature","id":187,"geometry":{"type":"LineString","coordinates":[[139.69917263358263,35.688065540563514],[139.69917654795779,35.688035291342601]]},"properties":{"FID":187,"link_id":"451d2ec8f7c84ec5ba9d95591af20721","start_id":"f05b059c1a26438aa642be9782e20e89","end_id":"e31954cbec9e4b1cac647326d5bcb4e4","distance":3.3999999999999999,"rank":"ASS","r_method":"111","maint_date":" ","rt_struct":5,"route_type":1,"direction":1,"width":2,"vtcl_slope":1,"lev_diff":1,"tfc_signal":1,"tfc_s_type":1,"brail_tile":1,"elevator":1,"roof":2}},{"type":"Feature","id":188,"geometry":{"type":"LineString","coordinates":[[139.69912309458289,35.688151938447902],[139.69923634435372,35.687844623558306]]},"properties":{"FID":188,"link_id":"4fc06b0d45184e66aaa3bb1ea9ddcd62","start_id":"bbf1fb4053bf4348adbfffc3370ccbee","end_id":"84d876327b174d6886463d1ed41c7ec2","distance":35.600000000000001,"rank":"AZZ","r_method":"111","maint_date":" ","rt_struct":5,"route_type":6,"direction":2,"width":2,"vtcl_slope":8,"lev_diff":5,"tfc_signal":1,"tfc_s_type":1,"brail_tile":1,"elevator":1,"roof":2}},{"type":"Feature","id":189,"geometry":{"type":"LineString","coordinates":[[139.69925311592522,35.687848762400961],[139.69913889320878,35.688155846372183]]},"properties":{"FID":189,"link_id":"06a78a8f616c4a75a7b4eece6a295c4c","start_id":"135be4ddd0814373a6a25ace63aa4f2d","end_id":"19973a6cadb8482eb342b0e2c5099d71","distance":35.600000000000001,"rank":"AZZ","r_method":"111","maint_date":" ","rt_struct":5,"route_type":6,"direction":2,"width":2,"vtcl_slope":7,"lev_diff":5,"tfc_signal":1,"tfc_s_type":1,"brail_tile":1,"elevator":1,"roof":2}},{"type":"Feature","id":190,"geometry":{"type":"LineString","coordinates":[[139.69926884018935,35.687852641699465],[139.69915574876052,35.688160015067126]]},"properties":{"FID":190,"link_id":"d1463e426fa54a42876cc397b8a1d71d","start_id":"d671b342b4a04d8ba3842565c0d98fee","end_id":"7143b8b77725447a92516b14f02472cb","distance":35.600000000000001,"rank":"AZZ","r_method":"111","maint_date":" ","rt_struct":5,"route_type":6,"direction":2,"width":2,"vtcl_slope":7,"lev_diff":5,"tfc_signal":1,"tfc_s_type":1,"brail_tile":1,"elevator":1,"roof":2}},{"type":"Feature","id":191,"geometry":{"type":"LineString","coordinates":[[139.69904727737651,35.68836942658703],[139.6991562275299,35.688061492254292]]},"properties":{"FID":191,"link_id":"ac906cd95e89401b9b11858e02f20895","start_id":"9c7256cd531a4154abd7353ace7797be","end_id":"aa29caed939f47449d2b76b11043109b","distance":35.600000000000001,"rank":"AZZ","r_method":"111","maint_date":" ","rt_struct":5,"route_type":6,"direction":2,"width":2,"vtcl_slope":8,"lev_diff":5,"tfc_signal":1,"tfc_s_type":1,"brail_tile":1,"elevator":1,"roof":2}},{"type":"Feature","id":192,"geometry":{"type":"LineString","coordinates":[[139.69917263358263,35.688065540563514],[139.69906244812955,35.688372880431928]]},"properties":{"FID":192,"link_id":"2768d162a2d648cf9df2fc76ca89257f","start_id":"f05b059c1a26438aa642be9782e20e89","end_id":"c99810e72aa449b284a4d630880a7aa9","distance":35.5,"rank":"AZZ","r_method":"111","maint_date":" ","rt_struct":5,"route_type":6,"direction":2,"width":2,"vtcl_slope":7,"lev_diff":5,"tfc_signal":1,"tfc_s_type":1,"brail_tile":1,"elevator":1,"roof":2}},{"type":"Feature","id":193,"geometry":{"type":"LineString","coordinates":[[139.69919057256186,35.688069967351339],[139.69907780553763,35.688376375946007]]},"properties":{"FID":193,"link_id":"fc787100b15241da8b07d38622acbfd7","start_id":"3d7ad1029dd5418698dcd0f919dec05f","end_id":"2e077fee47704b5292d1f56de9e5615b","distance":35.5,"rank":"AZZ","r_method":"111","maint_date":" ","rt_struct":5,"route_type":6,"direction":2,"width":2,"vtcl_slope":7,"lev_diff":5,"tfc_signal":1,"tfc_s_type":1,"brail_tile":1,"elevator":1,"roof":2}},{"type":"Feature","id":194,"geometry":{"type":"LineString","coordinates":[[139.69932075969598,35.687640347219144],[139.6993257671727,35.687641527278231]]},"properties":{"FID":194,"link_id":"1d19da0eafe945b7a430d6f27410d0dc","start_id":"b01c10c078bb49aea3e7972ee0810cbf","end_id":"89a671891c7f4861b2377d34636c3c78","distance":0.5,"rank":"ASS","r_method":"111","maint_date":" ","rt_struct":5,"route_type":4,"direction":1,"width":2,"vtcl_slope":1,"lev_diff":1,"tfc_signal":1,"tfc_s_type":1,"brail_tile":1,"elevator":5,"roof":2}},{"type":"Feature","id":195,"geometry":{"type":"LineString","coordinates":[[139.69887888318578,35.688871398127105],[139.69888356005413,35.688844455996446]]},"properties":{"FID":195,"link_id":"00d5f84e527346539707aaa1ad2af4d8","start_id":"2a51d7687895459a8b868f81567f150c","end_id":"d3780714b8fc4fa3ad1ef2d738af3181","distance":3,"rank":"ASS","r_method":"111","maint_date":" ","rt_struct":5,"route_type":1,"direction":1,"width":2,"vtcl_slope":1,"lev_diff":1,"tfc_signal":1,"tfc_s_type":1,"brail_tile":1,"elevator":1,"roof":2}},{"type":"Feature","id":196,"geometry":{"type":"LineString","coordinates":[[139.698892522591,35.688792584957241],[139.69889481901589,35.688779125562405]]},"properties":{"FID":196,"link_id":"8e82475f10c3408d9d20fd2cf8420d79","start_id":"90cda5a017344c54844714afc623294f","end_id":"5ff2a0f6200c4e9d92376d8079eacb07","distance":1.5,"rank":"ASS","r_method":"111","maint_date":" ","rt_struct":5,"route_type":1,"direction":1,"width":2,"vtcl_slope":1,"lev_diff":1,"tfc_signal":1,"tfc_s_type":1,"brail_tile":1,"elevator":1,"roof":2}},{"type":"Feature","id":197,"geometry":{"type":"LineString","coordinates":[[139.69888356005413,35.688844455996446],[139.698892522591,35.688792584957241]]},"properties":{"FID":197,"link_id":"8c9cd5f98dd34da899b75d44d2117137","start_id":"d3780714b8fc4fa3ad1ef2d738af3181","end_id":"90cda5a017344c54844714afc623294f","distance":5.7999999999999998,"rank":"AZZ","r_method":"111","maint_date":" ","rt_struct":5,"route_type":5,"direction":1,"width":2,"vtcl_slope":7,"lev_diff":5,"tfc_signal":1,"tfc_s_type":1,"brail_tile":1,"elevator":1,"roof":2}},{"type":"Feature","id":198,"geometry":{"type":"LineString","coordinates":[[139.69887166422905,35.688914426674444],[139.69887888318578,35.688871398127105]]},"properties":{"FID":198,"link_id":"3fab37b8029f4984821e799c65f4a4cc","start_id":"25e051fca75547c995b19cfd51384500","end_id":"2a51d7687895459a8b868f81567f150c","distance":4.7999999999999998,"rank":"AZZ","r_method":"111","maint_date":" ","rt_struct":5,"route_type":5,"direction":1,"width":2,"vtcl_slope":7,"lev_diff":5,"tfc_signal":1,"tfc_s_type":1,"brail_tile":1,"elevator":1,"roof":2}},{"type":"Feature","id":199,"geometry":{"type":"LineString","coordinates":[[139.69889481901589,35.688779125562405],[139.69890330224996,35.688730410584071]]},"properties":{"FID":199,"link_id":"04ccf67c99224f58b45068c818ddb2aa","start_id":"5ff2a0f6200c4e9d92376d8079eacb07","end_id":"44e1d63903da4ed1b0cd382e48ec2006","distance":5.5,"rank":"AZZ","r_method":"111","maint_date":" ","rt_struct":5,"route_type":5,"direction":1,"width":2,"vtcl_slope":7,"lev_diff":5,"tfc_signal":1,"tfc_s_type":1,"brail_tile":1,"elevator":1,"roof":2}},{"type":"Feature","id":200,"geometry":{"type":"LineString","coordinates":[[139.69888011379294,35.688748411185259],[139.69884049566065,35.68897579517261]]},"properties":{"FID":200,"link_id":"4b7d94635d1b429da986ac22f37cf89d","start_id":"2a65aa4b9c994f8dbedade7140bbb152","end_id":"c95ebb48d18648939d3b9ac22557edb8","distance":25.5,"rank":"AZZ","r_method":"111","maint_date":" ","rt_struct":5,"route_type":6,"direction":2,"width":2,"vtcl_slope":8,"lev_diff":5,"tfc_signal":1,"tfc_s_type":1,"brail_tile":1,"elevator":1,"roof":2}},{"type":"Feature","id":201,"geometry":{"type":"LineString","coordinates":[[139.69882479967725,35.688973840592666],[139.69886282326036,35.688746278160806]]},"properties":{"FID":201,"link_id":"fe73ae6ffa784eb294383dacb8a2a38d","start_id":"8d184e38964c41f19c10fca64c10ef15","end_id":"f3a6f04d22a34b87aa27dd6c7c1b362b","distance":25.5,"rank":"AZZ","r_method":"111","maint_date":" ","rt_struct":5,"route_type":6,"direction":2,"width":2,"vtcl_slope":7,"lev_diff":5,"tfc_signal":1,"tfc_s_type":1,"brail_tile":1,"elevator":1,"roof":2}},{"type":"Feature","id":202,"geometry":{"type":"LineString","coordinates":[[139.69887745942515,35.689000846771478],[139.69892462550513,35.688985177747156]]},"properties":{"FID":202,"link_id":"5318bc8ef4b3442cbdc4014d05a73d4d","start_id":"e60d355377d54a29bc676922c34cc97e","end_id":"f2c92335e3aa4e3d87f0022d46072aeb","distance":4.5999999999999996,"rank":"SSS","r_method":"111","maint_date":" ","rt_struct":5,"route_type":1,"direction":1,"width":4,"vtcl_slope":1,"lev_diff":1,"tfc_signal":1,"tfc_s_type":1,"brail_tile":1,"elevator":1,"roof":2}},{"type":"Feature","id":203,"geometry":{"type":"LineString","coordinates":[[139.69890707929187,35.688982954306709],[139.69887745942515,35.689000846771478]]},"properties":{"FID":203,"link_id":"262cad2d8c604f26a5d596a5e1362164","start_id":"476c49ecbe47499aa0528818905bf0fe","end_id":"e60d355377d54a29bc676922c34cc97e","distance":3.2999999999999998,"rank":"SSS","r_method":"111","maint_date":" ","rt_struct":5,"route_type":1,"direction":1,"width":4,"vtcl_slope":1,"lev_diff":1,"tfc_signal":1,"tfc_s_type":1,"brail_tile":1,"elevator":1,"roof":2}},{"type":"Feature","id":204,"geometry":{"type":"LineString","coordinates":[[139.6988892270648,35.688976099283479],[139.69887745942515,35.689000846771478]]},"properties":{"FID":204,"link_id":"ab1a9c25f7ea486fa92059a5650716d9","start_id":"e47b94564c8f4ef19a9e472166eebb5b","end_id":"e60d355377d54a29bc676922c34cc97e","distance":2.8999999999999999,"rank":"SSS","r_method":"111","maint_date":" ","rt_struct":5,"route_type":1,"direction":1,"width":4,"vtcl_slope":1,"lev_diff":1,"tfc_signal":1,"tfc_s_type":1,"brail_tile":2,"elevator":1,"roof":2}},{"type":"Feature","id":205,"geometry":{"type":"LineString","coordinates":[[139.69887745942515,35.689000846771478],[139.69886323703884,35.688999076820323]]},"properties":{"FID":205,"link_id":"7cc877dff4634cdab16ee246c20e5a78","start_id":"e60d355377d54a29bc676922c34cc97e","end_id":"f5a969b01cca4f4b8c2d23c51b30c786","distance":1.3,"rank":"SSS","r_method":"111","maint_date":" ","rt_struct":5,"route_type":1,"direction":1,"width":4,"vtcl_slope":1,"lev_diff":1,"tfc_signal":1,"tfc_s_type":1,"brail_tile":2,"elevator":1,"roof":2}},{"type":"Feature","id":206,"geometry":{"type":"LineString","coordinates":[[139.69886323703884,35.688999076820323],[139.69886169721178,35.688973834941351]]},"properties":{"FID":206,"link_id":"1d26cbca429c48d3b4f5d6e3ce38bc62","start_id":"f5a969b01cca4f4b8c2d23c51b30c786","end_id":"60115857107f4d04a759238f6aa9d04c","distance":2.7999999999999998,"rank":"SSS","r_method":"111","maint_date":" ","rt_struct":5,"route_type":1,"direction":1,"width":4,"vtcl_slope":1,"lev_diff":1,"tfc_signal":1,"tfc_s_type":1,"brail_tile":2,"elevator":1,"roof":2}},{"type":"Feature","id":207,"geometry":{"type":"LineString","coordinates":[[139.69886323703884,35.688999076820323],[139.69884049566065,35.68897579517261]]},"properties":{"FID":207,"link_id":"3068dc048a0d4749836d62ea6dbf662f","start_id":"f5a969b01cca4f4b8c2d23c51b30c786","end_id":"c95ebb48d18648939d3b9ac22557edb8","distance":3.2999999999999998,"rank":"SSS","r_method":"111","maint_date":" ","rt_struct":5,"route_type":1,"direction":1,"width":4,"vtcl_slope":1,"lev_diff":1,"tfc_signal":1,"tfc_s_type":1,"brail_tile":1,"elevator":1,"roof":2}},{"type":"Feature","id":208,"geometry":{"type":"LineString","coordinates":[[139.69886323703884,35.688999076820323],[139.69882479967725,35.688973840592666]]},"properties":{"FID":208,"link_id":"9836785d033e48e7a893eb655dba7e63","start_id":"f5a969b01cca4f4b8c2d23c51b30c786","end_id":"8d184e38964c41f19c10fca64c10ef15","distance":4.5,"rank":"SSS","r_method":"111","maint_date":" ","rt_struct":5,"route_type":1,"direction":1,"width":4,"vtcl_slope":1,"lev_diff":1,"tfc_signal":1,"tfc_s_type":1,"brail_tile":1,"elevator":1,"roof":2}},{"type":"Feature","id":209,"geometry":{"type":"LineString","coordinates":[[139.69889815824968,35.688924482396374],[139.6988892270648,35.688976099283479]]},"properties":{"FID":209,"link_id":"bfeaebf7bf774b65882f3c707a701b04","start_id":"80adbc15b3394f23b812570491a60548","end_id":"e47b94564c8f4ef19a9e472166eebb5b","distance":5.7999999999999998,"rank":"AZZ","r_method":"111","maint_date":" ","rt_struct":5,"route_type":5,"direction":1,"width":2,"vtcl_slope":7,"lev_diff":5,"tfc_signal":1,"tfc_s_type":1,"brail_tile":1,"elevator":1,"roof":2}},{"type":"Feature","id":210,"geometry":{"type":"LineString","coordinates":[[139.69890707929187,35.688982954306709],[139.69893384880152,35.68883910483089]]},"properties":{"FID":210,"link_id":"42a9f8829d984243af47ff8328e698f6","start_id":"476c49ecbe47499aa0528818905bf0fe","end_id":"07356d14b7574ee6bd9c8dc0bb42e45c","distance":16.100000000000001,"rank":"AZZ","r_method":"111","maint_date":" ","rt_struct":5,"route_type":6,"direction":2,"width":2,"vtcl_slope":8,"lev_diff":5,"tfc_signal":1,"tfc_s_type":1,"brail_tile":1,"elevator":1,"roof":2}},{"type":"Feature","id":211,"geometry":{"type":"LineString","coordinates":[[139.69894822907861,35.688840922722534],[139.69892462550513,35.688985177747156]]},"properties":{"FID":211,"link_id":"296f6709397b47faa8cbf2c36135a619","start_id":"0a3ba6a906d44dd3bbca38114670884c","end_id":"f2c92335e3aa4e3d87f0022d46072aeb","distance":16.100000000000001,"rank":"AZZ","r_method":"111","maint_date":" ","rt_struct":5,"route_type":6,"direction":2,"width":2,"vtcl_slope":7,"lev_diff":5,"tfc_signal":1,"tfc_s_type":1,"brail_tile":1,"elevator":1,"roof":2}},{"type":"Feature","id":212,"geometry":{"type":"LineString","coordinates":[[139.69889815824968,35.688924482396374],[139.69890049005778,35.688911008619243]]},"properties":{"FID":212,"link_id":"29aa09cc245547fcb66ace1ff6161943","start_id":"80adbc15b3394f23b812570491a60548","end_id":"e8452db62b81427998b3ca134b4669c6","distance":1.5,"rank":"ASS","r_method":"111","maint_date":" ","rt_struct":5,"route_type":1,"direction":1,"width":2,"vtcl_slope":1,"lev_diff":1,"tfc_signal":1,"tfc_s_type":1,"brail_tile":1,"elevator":1,"roof":2}},{"type":"Feature","id":213,"geometry":{"type":"LineString","coordinates":[[139.69890942125426,35.688855424802057],[139.69890049005778,35.688911008619243]]},"properties":{"FID":213,"link_id":"631d1ee5a5374632aca8a266cf3506d3","start_id":"34dc769bdb5b49d083a211ff541f435d","end_id":"e8452db62b81427998b3ca134b4669c6","distance":6.2000000000000002,"rank":"AZZ","r_method":"111","maint_date":" ","rt_struct":5,"route_type":5,"direction":1,"width":2,"vtcl_slope":7,"lev_diff":5,"tfc_signal":1,"tfc_s_type":1,"brail_tile":1,"elevator":1,"roof":2}},{"type":"Feature","id":214,"geometry":{"type":"LineString","coordinates":[[139.69890942125426,35.688855424802057],[139.6989180636948,35.688811916313512]]},"properties":{"FID":214,"link_id":"7445825ae72c4bdaae72b56734d1f025","start_id":"34dc769bdb5b49d083a211ff541f435d","end_id":"c9cf779c357f45f9b9288e611f250649","distance":4.9000000000000004,"rank":"SSS","r_method":"111","maint_date":" ","rt_struct":5,"route_type":1,"direction":1,"width":4,"vtcl_slope":1,"lev_diff":1,"tfc_signal":1,"tfc_s_type":1,"brail_tile":2,"elevator":1,"roof":2}},{"type":"Feature","id":215,"geometry":{"type":"LineString","coordinates":[[139.69898034894334,35.688805400431988],[139.69908697060214,35.688442236649905]]},"properties":{"FID":215,"link_id":"f95ecd26b21f44ebb58ee9361ab08447","start_id":"a7191da7697541b68ffd81d7ef728f3c","end_id":"9fd6e2fbc9734002ade70913003457e4","distance":41.399999999999999,"rank":"SSS","r_method":"111","maint_date":" ","rt_struct":5,"route_type":1,"direction":1,"width":4,"vtcl_slope":1,"lev_diff":1,"tfc_signal":1,"tfc_s_type":1,"brail_tile":2,"elevator":1,"roof":2}},{"type":"Feature","id":216,"geometry":{"type":"LineString","coordinates":[[139.69908697060214,35.688442236649905],[139.69922592766875,35.688045306498225]]},"properties":{"FID":216,"link_id":"2a9dfef981964695a6cd3af5250fc397","start_id":"9fd6e2fbc9734002ade70913003457e4","end_id":"1306b877b5214694a80f1ab2da28bd9f","distance":45.799999999999997,"rank":"SSS","r_method":"111","maint_date":" ","rt_struct":5,"route_type":1,"direction":1,"width":3,"vtcl_slope":1,"lev_diff":1,"tfc_signal":1,"tfc_s_type":1,"brail_tile":2,"elevator":1,"roof":2}},{"type":"Feature","id":217,"geometry":{"type":"LineString","coordinates":[[139.69922592766875,35.688045306498225],[139.69931911986225,35.687795054748278]]},"properties":{"FID":217,"link_id":"9246c3e7e3444990addef7d01da96ba6","start_id":"1306b877b5214694a80f1ab2da28bd9f","end_id":"d57334219f0e42629056db90c5e74f14","distance":29,"rank":"SSS","r_method":"111","maint_date":" ","rt_struct":5,"route_type":1,"direction":1,"width":3,"vtcl_slope":1,"lev_diff":1,"tfc_signal":1,"tfc_s_type":1,"brail_tile":2,"elevator":1,"roof":2}},{"type":"Feature","id":218,"geometry":{"type":"LineString","coordinates":[[139.69931911986225,35.687795054748278],[139.6992768916657,35.687784631161264]]},"properties":{"FID":218,"link_id":"bc28afb9b03e48d88271af8e653fcc27","start_id":"d57334219f0e42629056db90c5e74f14","end_id":"69fae1e0466a4e20b6940224b3235c0c","distance":4,"rank":"SSS","r_method":"111","maint_date":" ","rt_struct":5,"route_type":1,"direction":1,"width":4,"vtcl_slope":1,"lev_diff":1,"tfc_signal":1,"tfc_s_type":1,"brail_tile":2,"elevator":1,"roof":2}},{"type":"Feature","id":219,"geometry":{"type":"LineString","coordinates":[[139.69926337949585,35.687781130516157],[139.69923146140491,35.68777365235411]]},"properties":{"FID":219,"link_id":"c87318b9a74d42a69c8f6265e161b5e7","start_id":"7c2016a029274abcaf4fca5c52854861","end_id":"eb687de37fc04aed8334e3eea60cfe7e","distance":3,"rank":"SSS","r_method":"111","maint_date":" ","rt_struct":5,"route_type":1,"direction":1,"width":4,"vtcl_slope":1,"lev_diff":1,"tfc_signal":1,"tfc_s_type":1,"brail_tile":2,"elevator":1,"roof":2}},{"type":"Feature","id":220,"geometry":{"type":"LineString","coordinates":[[139.69923146140491,35.68777365235411],[139.69914111334128,35.688027595613391]]},"properties":{"FID":220,"link_id":"a48b1969217f48d5b5e077da0ea647f5","start_id":"eb687de37fc04aed8334e3eea60cfe7e","end_id":"3c2d58645c62448b8e4c97f010d9ce32","distance":29.300000000000001,"rank":"SSS","r_method":"111","maint_date":" ","rt_struct":5,"route_type":1,"direction":1,"width":3,"vtcl_slope":1,"lev_diff":1,"tfc_signal":1,"tfc_s_type":1,"brail_tile":2,"elevator":1,"roof":2}},{"type":"Feature","id":221,"geometry":{"type":"LineString","coordinates":[[139.69914111334128,35.688027595613391],[139.69899877071919,35.688428379753475]]},"properties":{"FID":221,"link_id":"d339458026b04506b035f54a015698d0","start_id":"3c2d58645c62448b8e4c97f010d9ce32","end_id":"b4b728538e494b8e8f68b66eb1355825","distance":46.299999999999997,"rank":"SSS","r_method":"111","maint_date":" ","rt_struct":5,"route_type":1,"direction":1,"width":3,"vtcl_slope":1,"lev_diff":1,"tfc_signal":1,"tfc_s_type":1,"brail_tile":2,"elevator":1,"roof":2}},{"type":"Feature","id":222,"geometry":{"type":"LineString","coordinates":[[139.69899877071919,35.688428379753475],[139.6988998576503,35.6887874562413]]},"properties":{"FID":222,"link_id":"1de2193b2e384d16abd7af7f16a25850","start_id":"b4b728538e494b8e8f68b66eb1355825","end_id":"03c5f6f0ee0a4d259491fd38a43a7eb4","distance":40.799999999999997,"rank":"SSS","r_method":"111","maint_date":" ","rt_struct":5,"route_type":1,"direction":1,"width":4,"vtcl_slope":1,"lev_diff":1,"tfc_signal":1,"tfc_s_type":1,"brail_tile":2,"elevator":1,"roof":2}},{"type":"Feature","id":223,"geometry":{"type":"LineString","coordinates":[[139.6988998576503,35.6887874562413],[139.69890976465547,35.688789039293056]]},"properties":{"FID":223,"link_id":"248f20cfc7cd43da8e5997003ecc5f1c","start_id":"03c5f6f0ee0a4d259491fd38a43a7eb4","end_id":"88cec20f23824b828abaf4cd89120ec0","distance":0.90000000000000002,"rank":"SSS","r_method":"111","maint_date":" ","rt_struct":5,"route_type":1,"direction":1,"width":4,"vtcl_slope":1,"lev_diff":1,"tfc_signal":1,"tfc_s_type":1,"brail_tile":2,"elevator":1,"roof":2}},{"type":"Feature","id":224,"geometry":{"type":"LineString","coordinates":[[139.69890976465547,35.688789039293056],[139.6989045002291,35.688809919957748]]},"properties":{"FID":224,"link_id":"a3ab4b83b1464e45a32f565b6ea58f38","start_id":"88cec20f23824b828abaf4cd89120ec0","end_id":"36d8b2ad8dab4605909bbcc2387268d5","distance":2.3999999999999999,"rank":"SSS","r_method":"111","maint_date":" ","rt_struct":5,"route_type":1,"direction":1,"width":4,"vtcl_slope":1,"lev_diff":1,"tfc_signal":1,"tfc_s_type":1,"brail_tile":2,"elevator":1,"roof":2}},{"type":"Feature","id":225,"geometry":{"type":"LineString","coordinates":[[139.6989045002291,35.688809919957748],[139.69891806479973,35.688811916314762]]},"properties":{"FID":225,"link_id":"b805823f430d4dd982ae5fee25a794a5","start_id":"36d8b2ad8dab4605909bbcc2387268d5","end_id":"c9cf779c357f45f9b9288e611f250649","distance":1.2,"rank":"SSS","r_method":"111","maint_date":" ","rt_struct":5,"route_type":1,"direction":1,"width":4,"vtcl_slope":1,"lev_diff":1,"tfc_signal":1,"tfc_s_type":1,"brail_tile":2,"elevator":1,"roof":2}},{"type":"Feature","id":226,"geometry":{"type":"LineString","coordinates":[[139.69898034894334,35.688805400431988],[139.69896769008756,35.688802915649148]]},"properties":{"FID":226,"link_id":"d1b95bd77a1544ed9d2036408893ac2f","start_id":"a7191da7697541b68ffd81d7ef728f3c","end_id":"96df6458bbe9468488b6a052dcb134a4","distance":1.2,"rank":"SSS","r_method":"111","maint_date":" ","rt_struct":5,"route_type":1,"direction":1,"width":4,"vtcl_slope":1,"lev_diff":1,"tfc_signal":1,"tfc_s_type":1,"brail_tile":2,"elevator":1,"roof":2}},{"type":"Feature","id":227,"geometry":{"type":"LineString","coordinates":[[139.69896769008756,35.688802915649148],[139.69896284441131,35.688819192586436]]},"properties":{"FID":227,"link_id":"160bb0f48e7a420dba216de3921c1225","start_id":"96df6458bbe9468488b6a052dcb134a4","end_id":"aa46c00fc8394714b53bbd7320a11697","distance":1.8999999999999999,"rank":"SSS","r_method":"111","maint_date":" ","rt_struct":5,"route_type":1,"direction":1,"width":4,"vtcl_slope":1,"lev_diff":1,"tfc_signal":1,"tfc_s_type":1,"brail_tile":2,"elevator":1,"roof":2}},{"type":"Feature","id":228,"geometry":{"type":"LineString","coordinates":[[139.69896284441131,35.688819192586436],[139.69891806479973,35.688811916314762]]},"properties":{"FID":228,"link_id":"7f24dd1240ab447183f8bd7de37e4376","start_id":"aa46c00fc8394714b53bbd7320a11697","end_id":"c9cf779c357f45f9b9288e611f250649","distance":4.0999999999999996,"rank":"SSS","r_method":"111","maint_date":" ","rt_struct":5,"route_type":1,"direction":1,"width":4,"vtcl_slope":1,"lev_diff":1,"tfc_signal":1,"tfc_s_type":1,"brail_tile":2,"elevator":1,"roof":2}},{"type":"Feature","id":229,"geometry":{"type":"LineString","coordinates":[[139.69893384880152,35.68883910483089],[139.69891806479973,35.688811916314762]]},"properties":{"FID":229,"link_id":"38ec9037473a4da3a391aeb9f3a1dc1f","start_id":"07356d14b7574ee6bd9c8dc0bb42e45c","end_id":"c9cf779c357f45f9b9288e611f250649","distance":3.2999999999999998,"rank":"SSS","r_method":"111","maint_date":" ","rt_struct":5,"route_type":1,"direction":1,"width":4,"vtcl_slope":1,"lev_diff":1,"tfc_signal":1,"tfc_s_type":1,"brail_tile":1,"elevator":1,"roof":2}},{"type":"Feature","id":230,"geometry":{"type":"LineString","coordinates":[[139.69894822907861,35.688840922722534],[139.69891806479973,35.688811916314762]]},"properties":{"FID":230,"link_id":"283b708f0820472e856d012d0cfb9a71","start_id":"0a3ba6a906d44dd3bbca38114670884c","end_id":"c9cf779c357f45f9b9288e611f250649","distance":4.2000000000000002,"rank":"SSS","r_method":"111","maint_date":" ","rt_struct":5,"route_type":1,"direction":1,"width":4,"vtcl_slope":1,"lev_diff":1,"tfc_signal":1,"tfc_s_type":1,"brail_tile":1,"elevator":1,"roof":2}},{"type":"Feature","id":231,"geometry":{"type":"LineString","coordinates":[[139.69917654795779,35.688035291342601],[139.69914111334128,35.688027595613391]]},"properties":{"FID":231,"link_id":"7eca12c671a74a5394d9ecf828e84bbd","start_id":"e31954cbec9e4b1cac647326d5bcb4e4","end_id":"3c2d58645c62448b8e4c97f010d9ce32","distance":3.2999999999999998,"rank":"SSS","r_method":"111","maint_date":" ","rt_struct":5,"route_type":1,"direction":1,"width":4,"vtcl_slope":1,"lev_diff":1,"tfc_signal":1,"tfc_s_type":1,"brail_tile":1,"elevator":1,"roof":2}},{"type":"Feature","id":232,"geometry":{"type":"LineString","coordinates":[[139.6991562275299,35.688061492254292],[139.69917654795779,35.688035291342601]]},"properties":{"FID":232,"link_id":"4fcb23c2d1fc4ddfb267916a3190dc00","start_id":"aa29caed939f47449d2b76b11043109b","end_id":"e31954cbec9e4b1cac647326d5bcb4e4","distance":3.3999999999999999,"rank":"SSS","r_method":"111","maint_date":" ","rt_struct":5,"route_type":1,"direction":1,"width":4,"vtcl_slope":1,"lev_diff":1,"tfc_signal":1,"tfc_s_type":1,"brail_tile":1,"elevator":1,"roof":2}},{"type":"Feature","id":233,"geometry":{"type":"LineString","coordinates":[[139.69919057256186,35.688069967351339],[139.69917654795779,35.688035291342601]]},"properties":{"FID":233,"link_id":"8727ddd707e84ac2a9f5064efa5180a1","start_id":"3d7ad1029dd5418698dcd0f919dec05f","end_id":"e31954cbec9e4b1cac647326d5bcb4e4","distance":4.0999999999999996,"rank":"SSS","r_method":"111","maint_date":" ","rt_struct":5,"route_type":1,"direction":1,"width":4,"vtcl_slope":1,"lev_diff":1,"tfc_signal":1,"tfc_s_type":1,"brail_tile":1,"elevator":1,"roof":2}},{"type":"Feature","id":234,"geometry":{"type":"LineString","coordinates":[[139.69925311592522,35.687848762400961],[139.6992768916657,35.687784631161264]]},"properties":{"FID":234,"link_id":"fa82025117ba4de5987a6f30c94c3d72","start_id":"135be4ddd0814373a6a25ace63aa4f2d","end_id":"69fae1e0466a4e20b6940224b3235c0c","distance":7.4000000000000004,"rank":"SSS","r_method":"111","maint_date":" ","rt_struct":5,"route_type":1,"direction":1,"width":4,"vtcl_slope":1,"lev_diff":1,"tfc_signal":1,"tfc_s_type":1,"brail_tile":1,"elevator":1,"roof":2}},{"type":"Feature","id":235,"geometry":{"type":"LineString","coordinates":[[139.69923634435372,35.687844623558306],[139.6992768916657,35.687784631161264]]},"properties":{"FID":235,"link_id":"528da734dea34c2c98f7444f44d2578a","start_id":"84d876327b174d6886463d1ed41c7ec2","end_id":"69fae1e0466a4e20b6940224b3235c0c","distance":7.5999999999999996,"rank":"SSS","r_method":"111","maint_date":" ","rt_struct":5,"route_type":1,"direction":1,"width":4,"vtcl_slope":1,"lev_diff":1,"tfc_signal":1,"tfc_s_type":1,"brail_tile":1,"elevator":1,"roof":2}},{"type":"Feature","id":236,"geometry":{"type":"LineString","coordinates":[[139.69926884018935,35.687852641699465],[139.6992768916657,35.687784631161264]]},"properties":{"FID":236,"link_id":"1c6199deb01649a3bd8b35554a9aa1ea","start_id":"d671b342b4a04d8ba3842565c0d98fee","end_id":"69fae1e0466a4e20b6940224b3235c0c","distance":7.5999999999999996,"rank":"SSS","r_method":"111","maint_date":" ","rt_struct":5,"route_type":1,"direction":1,"width":4,"vtcl_slope":1,"lev_diff":1,"tfc_signal":1,"tfc_s_type":1,"brail_tile":1,"elevator":1,"roof":2}},{"type":"Feature","id":237,"geometry":{"type":"LineString","coordinates":[[139.69932078262605,35.687654382478001],[139.69930945767635,35.68765576248768]]},"properties":{"FID":237,"link_id":"9a2aed29648b48c8ac5d3eb0cf04e91a","start_id":"11796ad8a4a043d4b3945deee52b7397","end_id":"8f29b746665546c185aa037bdbf67e56","distance":1,"rank":"SSS","r_method":"111","maint_date":" ","rt_struct":5,"route_type":1,"direction":1,"width":4,"vtcl_slope":1,"lev_diff":1,"tfc_signal":1,"tfc_s_type":1,"brail_tile":2,"elevator":1,"roof":2}},{"type":"Feature","id":238,"geometry":{"type":"LineString","coordinates":[[139.69930945767635,35.68765576248768],[139.69926337949585,35.687781130516157]]},"properties":{"FID":238,"link_id":"e304cf39e82a4ae899e3b44fa264866a","start_id":"8f29b746665546c185aa037bdbf67e56","end_id":"7c2016a029274abcaf4fca5c52854861","distance":14.5,"rank":"SSS","r_method":"111","maint_date":" ","rt_struct":5,"route_type":1,"direction":1,"width":4,"vtcl_slope":1,"lev_diff":1,"tfc_signal":1,"tfc_s_type":1,"brail_tile":2,"elevator":1,"roof":2}},{"type":"Feature","id":239,"geometry":{"type":"LineString","coordinates":[[139.69931911986225,35.687795054748278],[139.6993689405208,35.687660866450074]]},"properties":{"FID":239,"link_id":"ecc005881c4d48d59c5cf0fdd3e397f3","start_id":"d57334219f0e42629056db90c5e74f14","end_id":"34a0e6a87fea4514aa32f942cb946c91","distance":15.6,"rank":"SSS","r_method":"111","maint_date":" ","rt_struct":5,"route_type":1,"direction":1,"width":4,"vtcl_slope":1,"lev_diff":1,"tfc_signal":1,"tfc_s_type":1,"brail_tile":2,"elevator":1,"roof":2}},{"type":"Feature","id":240,"geometry":{"type":"LineString","coordinates":[[139.6993689405208,35.687660866450074],[139.69934273913577,35.687661254625652]]},"properties":{"FID":240,"link_id":"132e3ece285f4951b2ec6edab5f3f568","start_id":"34a0e6a87fea4514aa32f942cb946c91","end_id":"b0dfc9c74046405984e659330445e012","distance":2.3999999999999999,"rank":"SSS","r_method":"111","maint_date":" ","rt_struct":5,"route_type":1,"direction":1,"width":4,"vtcl_slope":1,"lev_diff":1,"tfc_signal":1,"tfc_s_type":1,"brail_tile":2,"elevator":1,"roof":2}},{"type":"Feature","id":241,"geometry":{"type":"LineString","coordinates":[[139.69923146140491,35.68777365235411],[139.69928471121705,35.687639748236222]]},"properties":{"FID":241,"link_id":"24f09019a0794975ba0468890f614f25","start_id":"eb687de37fc04aed8334e3eea60cfe7e","end_id":"155d3564534e4132ad68c03430db0263","distance":15.6,"rank":"SSS","r_method":"111","maint_date":" ","rt_struct":5,"route_type":1,"direction":1,"width":4,"vtcl_slope":1,"lev_diff":1,"tfc_signal":1,"tfc_s_type":1,"brail_tile":2,"elevator":1,"roof":2}},{"type":"Feature","id":242,"geometry":{"type":"LineString","coordinates":[[139.69928471121705,35.687639748236222],[139.69930371035946,35.687651029304618]]},"properties":{"FID":242,"link_id":"e81aeb99a04f46ed9fc39932034d0ce2","start_id":"155d3564534e4132ad68c03430db0263","end_id":"b0ab36f11f1543709b2afb2819d6159c","distance":2.1000000000000001,"rank":"SSS","r_method":"111","maint_date":" ","rt_struct":5,"route_type":1,"direction":1,"width":4,"vtcl_slope":1,"lev_diff":1,"tfc_signal":1,"tfc_s_type":1,"brail_tile":2,"elevator":1,"roof":2}},{"type":"Feature","id":243,"geometry":{"type":"LineString","coordinates":[[139.69932078262605,35.687654382478001],[139.6993257671727,35.687641527278231]]},"properties":{"FID":243,"link_id":"84d843ac977448498e5613d39a495dca","start_id":"11796ad8a4a043d4b3945deee52b7397","end_id":"89a671891c7f4861b2377d34636c3c78","distance":1.5,"rank":"ASS","r_method":"111","maint_date":" ","rt_struct":5,"route_type":4,"direction":1,"width":2,"vtcl_slope":1,"lev_diff":1,"tfc_signal":1,"tfc_s_type":1,"brail_tile":1,"elevator":5,"roof":2}},{"type":"Feature","id":244,"geometry":{"type":"LineString","coordinates":[[139.69930371035946,35.687651029304618],[139.69932078262605,35.687654382478001]]},"properties":{"FID":244,"link_id":"178b0cb1e6bd47f08b8f338b1a98b4eb","start_id":"b0ab36f11f1543709b2afb2819d6159c","end_id":"11796ad8a4a043d4b3945deee52b7397","distance":1.6000000000000001,"rank":"SSS","r_method":"111","maint_date":" ","rt_struct":5,"route_type":1,"direction":1,"width":4,"vtcl_slope":1,"lev_diff":1,"tfc_signal":1,"tfc_s_type":1,"brail_tile":1,"elevator":1,"roof":2}},{"type":"Feature","id":245,"geometry":{"type":"LineString","coordinates":[[139.69932078262605,35.687654382478001],[139.69934273913577,35.687661254625652]]},"properties":{"FID":245,"link_id":"32305d72e8b14ab78695dc140612cd0e","start_id":"11796ad8a4a043d4b3945deee52b7397","end_id":"b0dfc9c74046405984e659330445e012","distance":2.1000000000000001,"rank":"SSS","r_method":"111","maint_date":" ","rt_struct":5,"route_type":1,"direction":1,"width":4,"vtcl_slope":1,"lev_diff":1,"tfc_signal":1,"tfc_s_type":1,"brail_tile":1,"elevator":1,"roof":2}},{"type":"Feature","id":246,"geometry":{"type":"LineString","coordinates":[[139.6992768916657,35.687784631161264],[139.69926337949585,35.687781130516157]]},"properties":{"FID":246,"link_id":"d585da4aa4014e47b80b5eed4727f346","start_id":"69fae1e0466a4e20b6940224b3235c0c","end_id":"7c2016a029274abcaf4fca5c52854861","distance":1.3,"rank":"SSS","r_method":"111","maint_date":" ","rt_struct":5,"route_type":1,"direction":1,"width":4,"vtcl_slope":1,"lev_diff":1,"tfc_signal":1,"tfc_s_type":1,"brail_tile":2,"elevator":1,"roof":2}},{"type":"Feature","id":247,"geometry":{"type":"LineString","coordinates":[[139.69922592766875,35.688045306498225],[139.69917654795779,35.688035291342601]]},"properties":{"FID":247,"link_id":"3ddb796e56a74ec0af220aab5cebdcf0","start_id":"1306b877b5214694a80f1ab2da28bd9f","end_id":"e31954cbec9e4b1cac647326d5bcb4e4","distance":4.5999999999999996,"rank":"SSS","r_method":"111","maint_date":" ","rt_struct":5,"route_type":1,"direction":1,"width":4,"vtcl_slope":1,"lev_diff":1,"tfc_signal":1,"tfc_s_type":1,"brail_tile":1,"elevator":1,"roof":2}},{"type":"Feature","id":248,"geometry":{"type":"LineString","coordinates":[[139.6991376448882,35.688024458585005],[139.69907163399955,35.688201474444895]]},"properties":{"FID":248,"link_id":"9ede1f406388447387b28bf532e751c8","start_id":"9c0318aac3a04236998dfe2cc6760863","end_id":"4b17a943076344628d0b8ce9598e3c02","distance":20.5,"rank":"SSS","r_method":"111","maint_date":" ","rt_struct":5,"route_type":1,"direction":1,"width":4,"vtcl_slope":1,"lev_diff":1,"tfc_signal":1,"tfc_s_type":1,"brail_tile":2,"elevator":1,"roof":2}},{"type":"Feature","id":249,"geometry":{"type":"LineString","coordinates":[[139.69940995618822,35.68690275795143],[139.69942560200002,35.68693433500016]]},"properties":{"FID":249,"link_id":"90c2b1beea064f349947f8a52fc74dd8","start_id":"33910baaf1784dd69e2d98e23cb70f23","end_id":"e835e35a340f4bcb87e11a8ba9bf3864","distance":3.7999999999999998,"rank":"SSS","r_method":"111","maint_date":" ","rt_struct":7,"route_type":1,"direction":1,"width":4,"vtcl_slope":1,"lev_diff":1,"tfc_signal":1,"tfc_s_type":1,"brail_tile":1,"elevator":1,"roof":1}},{"type":"Feature","id":250,"geometry":{"type":"LineString","coordinates":[[139.69942071245202,35.686887903617844],[139.69943148300013,35.68691383200013]]},"properties":{"FID":250,"link_id":"fd4728062722420a97bd80c92a41b3b3","start_id":"3af66366dc9f478ea4a6e509235a8799","end_id":"e4cfe61e944e4f5e8ad8caeb6d521750","distance":3,"rank":"SSS","r_method":"111","maint_date":" ","rt_struct":7,"route_type":1,"direction":1,"width":4,"vtcl_slope":1,"lev_diff":1,"tfc_signal":1,"tfc_s_type":1,"brail_tile":1,"elevator":1,"roof":1}},{"type":"Feature","id":251,"geometry":{"type":"LineString","coordinates":[[139.69937139940885,35.687032055364739],[139.6994410010002,35.687141274000112]]},"properties":{"FID":251,"link_id":"e65b70241dc5462c893ee0aacc3b935f","start_id":"e6feaa2cc7514b68be2758b956baeb28","end_id":"6f508a29d637416b8765cccafa0260ad","distance":13.699999999999999,"rank":"SSS","r_method":"111","maint_date":" ","rt_struct":7,"route_type":1,"direction":1,"width":4,"vtcl_slope":1,"lev_diff":1,"tfc_signal":1,"tfc_s_type":1,"brail_tile":1,"elevator":1,"roof":1}},{"type":"Feature","id":252,"geometry":{"type":"LineString","coordinates":[[139.69877287264626,35.688319369407679],[139.69875816500019,35.688323408000088]]},"properties":{"FID":252,"link_id":"354be10839214a8098a0aa4b2b72c96b","start_id":"e075f8131444484fb8e33296d594c679","end_id":"4423521d79e54865b7c41e4aec29826d","distance":1.3999999999999999,"rank":"SSS","r_method":"111","maint_date":" ","rt_struct":7,"route_type":1,"direction":1,"width":3,"vtcl_slope":1,"lev_diff":1,"tfc_signal":1,"tfc_s_type":1,"brail_tile":1,"elevator":1,"roof":1}},{"type":"Feature","id":253,"geometry":{"type":"LineString","coordinates":[[139.69958131245164,35.687061513884316],[139.69951999273042,35.68704646106346]]},"properties":{"FID":253,"link_id":"e9a119f724e44645899a1b1bc14ace69","start_id":"5936d5af0a944dce99800d25a5875907","end_id":"9d826e12432244b687f4b37dbf26434c","distance":5.7999999999999998,"rank":"SZZ","r_method":"111","maint_date":" ","rt_struct":5,"route_type":5,"direction":1,"width":3,"vtcl_slope":7,"lev_diff":5,"tfc_signal":1,"tfc_s_type":1,"brail_tile":1,"elevator":1,"roof":2}},{"type":"Feature","id":254,"geometry":{"type":"LineString","coordinates":[[139.69951999273042,35.68704646106346],[139.69950404005624,35.687042544980329]]},"properties":{"FID":254,"link_id":"e75d2ff093724786a989e69ac046f261","start_id":"9d826e12432244b687f4b37dbf26434c","end_id":"353fa507524d461b8beee216ca24d7e8","distance":1.5,"rank":"SSZ","r_method":"111","maint_date":" ","rt_struct":5,"route_type":1,"direction":1,"width":3,"vtcl_slope":1,"lev_diff":5,"tfc_signal":1,"tfc_s_type":1,"brail_tile":1,"elevator":1,"roof":2}},{"type":"Feature","id":255,"geometry":{"type":"LineString","coordinates":[[139.69940726854099,35.686938839514255],[139.69936031391785,35.686916822975093]]},"properties":{"FID":255,"link_id":"bdcdf9229c9f49dc9bc02bec79c4a8fe","start_id":"dcf372321b004a54ab0fdd12e89792e5","end_id":"b9286042a013472ca7f6544a09dbbfac","distance":4.9000000000000004,"rank":"SZZ","r_method":"111","maint_date":" ","rt_struct":5,"route_type":5,"direction":1,"width":3,"vtcl_slope":7,"lev_diff":5,"tfc_signal":1,"tfc_s_type":1,"brail_tile":1,"elevator":1,"roof":2}},{"type":"Feature","id":256,"geometry":{"type":"LineString","coordinates":[[139.69939024459677,35.686873508623705],[139.69942071245202,35.686887903617844]]},"properties":{"FID":256,"link_id":"c3fe6342f158400ab602dd610f636329","start_id":"399c24bf916c45f197e22e812433aed9","end_id":"3af66366dc9f478ea4a6e509235a8799","distance":3.2000000000000002,"rank":"SZZ","r_method":"111","maint_date":" ","rt_struct":5,"route_type":5,"direction":1,"width":3,"vtcl_slope":7,"lev_diff":5,"tfc_signal":1,"tfc_s_type":1,"brail_tile":1,"elevator":1,"roof":2}},{"type":"Feature","id":257,"geometry":{"type":"LineString","coordinates":[[139.69886169721178,35.688973834941351],[139.69886939932042,35.688927926638769]]},"properties":{"FID":257,"link_id":"c7ebf974059b4766b67a8135e8724a34","start_id":"60115857107f4d04a759238f6aa9d04c","end_id":"b658a6c48741425e91bff666699b9bf7","distance":5.0999999999999996,"rank":"AZZ","r_method":"111","maint_date":" ","rt_struct":5,"route_type":5,"direction":1,"width":2,"vtcl_slope":7,"lev_diff":5,"tfc_signal":1,"tfc_s_type":1,"brail_tile":1,"elevator":1,"roof":2}},{"type":"Feature","id":258,"geometry":{"type":"LineString","coordinates":[[139.69936031391785,35.686916822975093],[139.69934649020877,35.686910341174553]]},"properties":{"FID":258,"link_id":"3582c9d0af4749ce8ddb04eba29d8b91","start_id":"b9286042a013472ca7f6544a09dbbfac","end_id":"a5599a091242438da3a5ed85c8695a25","distance":1.3999999999999999,"rank":"SSS","r_method":"111","maint_date":" ","rt_struct":5,"route_type":1,"direction":1,"width":3,"vtcl_slope":1,"lev_diff":1,"tfc_signal":1,"tfc_s_type":1,"brail_tile":1,"elevator":1,"roof":2}},{"type":"Feature","id":259,"geometry":{"type":"LineString","coordinates":[[139.69937672259334,35.686867119946555],[139.69939024459677,35.686873508623705]]},"properties":{"FID":259,"link_id":"5ce3f318ea6947d293e646157109d628","start_id":"d1ccc52ef25e474dac70020771b7ea76","end_id":"399c24bf916c45f197e22e812433aed9","distance":1.3999999999999999,"rank":"SSS","r_method":"111","maint_date":" ","rt_struct":5,"route_type":1,"direction":1,"width":3,"vtcl_slope":1,"lev_diff":1,"tfc_signal":1,"tfc_s_type":1,"brail_tile":1,"elevator":1,"roof":2}},{"type":"Feature","id":260,"geometry":{"type":"LineString","coordinates":[[139.69886939932042,35.688927926638769],[139.69887166422905,35.688914426674444]]},"properties":{"FID":260,"link_id":"1440a20b921248dbad699fe4a88f7aa3","start_id":"b658a6c48741425e91bff666699b9bf7","end_id":"25e051fca75547c995b19cfd51384500","distance":1.5,"rank":"ASS","r_method":"111","maint_date":" ","rt_struct":5,"route_type":1,"direction":1,"width":2,"vtcl_slope":1,"lev_diff":1,"tfc_signal":1,"tfc_s_type":1,"brail_tile":1,"elevator":1,"roof":2}},{"type":"Feature","id":261,"geometry":{"type":"LineString","coordinates":[[139.69875700489683,35.688754993341945],[139.69875316785021,35.688786710642887]]},"properties":{"FID":261,"link_id":"03bd24ff9bc0412b92016f57625f0ba5","start_id":"04f621bad4b54f868630c9ae2e57f066","end_id":"49924b2c3a1e4b6b8ebd802a6d137205","distance":3.5,"rank":"SZZ","r_method":"111","maint_date":" ","rt_struct":5,"route_type":5,"direction":1,"width":3,"vtcl_slope":7,"lev_diff":5,"tfc_signal":1,"tfc_s_type":1,"brail_tile":1,"elevator":1,"roof":2}},{"type":"Feature","id":262,"geometry":{"type":"LineString","coordinates":[[139.69875316785021,35.688786710642887],[139.6987518617542,35.688797506919684]]},"properties":{"FID":262,"link_id":"5be07e75f57a407cb44d6191acbf261d","start_id":"49924b2c3a1e4b6b8ebd802a6d137205","end_id":"f45d911412b041c0ba14c6d88be3d869","distance":1.2,"rank":"SSZ","r_method":"111","maint_date":" ","rt_struct":5,"route_type":1,"direction":1,"width":3,"vtcl_slope":1,"lev_diff":5,"tfc_signal":1,"tfc_s_type":1,"brail_tile":1,"elevator":1,"roof":2}},{"type":"Feature","id":263,"geometry":{"type":"LineString","coordinates":[[139.6987447727571,35.688856104993988],[139.69873821292958,35.688910328841928]]},"properties":{"FID":263,"link_id":"b503c7d9461a4f239a60bbd4011022e9","start_id":"e0268b18e584463ab147ecfd3602b386","end_id":"a06f3d191885497bac197b666c4daef9","distance":6,"rank":"SZZ","r_method":"111","maint_date":" ","rt_struct":5,"route_type":5,"direction":1,"width":3,"vtcl_slope":7,"lev_diff":5,"tfc_signal":1,"tfc_s_type":1,"brail_tile":1,"elevator":1,"roof":2}},{"type":"Feature","id":264,"geometry":{"type":"LineString","coordinates":[[139.69874641161027,35.688842558144472],[139.6987447727571,35.688856104993988]]},"properties":{"FID":264,"link_id":"638f4f6f4c544479bd5dd7f42c5fb6c9","start_id":"ddbb3771769c4b1986a0a66250f3e948","end_id":"e0268b18e584463ab147ecfd3602b386","distance":1.5,"rank":"SSZ","r_method":"111","maint_date":" ","rt_struct":5,"route_type":1,"direction":1,"width":3,"vtcl_slope":1,"lev_diff":5,"tfc_signal":1,"tfc_s_type":1,"brail_tile":1,"elevator":1,"roof":2}}]}