{"type":"FeatureCollection","crs":{"type":"name","properties":{"name":"EPSG:6668"}},"features":[{"type":"Feature","id":0,"geometry":{"type":"Point","coordinates":[139.69944764980892,35.687010270242695]},"properties":{"FID":0,"node_id":"27509b411f0d494dbb99dff291a1cc3f","lat":35.687010270000002,"lon":139.69944765,"floor":-1,"in_out":3,"link1_id":"d573063b997e42f3b146ffeec98aed38","link2_id":"ccdc706f83fb403c80d763d066dd6344","link3_id":" ","link4_id":" ","link5_id":" ","link6_id":" ","link7_id":" ","link8_id":" "}},{"type":"Feature","id":1,"geometry":{"type":"Point","coordinates":[139.69935761029842,35.687029062794544]},"properties":{"FID":1,"node_id":"5b824a37524e4fd8abbe9cfa07654556","lat":35.68702906,"lon":139.69935760999999,"floor":1,"in_out":3,"link1_id":"ed7e56a8e6234197be06280fcb24aecc","link2_id":"65edd7ca50844b609d4dcb25bd296936","link3_id":" ","link4_id":" ","link5_id":" ","link6_id":" ","link7_id":" ","link8_id":" "}},{"type":"Feature","id":2,"geometry":{"type":"Point","coordinates":[139.69936989940615,35.687036447875073]},"properties":{"FID":2,"node_id":"63987a2523494905b055f9f424a1890b","lat":35.687036450000001,"lon":139.69936989999999,"floor":-1,"in_out":3,"link1_id":"0ac77dfc247649a4a854e5a2d8da1c21","link2_id":"ae6e954c23d44cd0b23f55c1c38d9c39","link3_id":" ","link4_id":" ","link5_id":" ","link6_id":" ","link7_id":" ","link8_id":" "}},{"type":"Feature","id":3,"geometry":{"type":"Point","coordinates":[139.69944382540314,35.687027763387192]},"properties":{"FID":3,"node_id":"620f68feea9644af823da53ec7fb7cb9","lat":35.687027759999999,"lon":139.69944383000001,"floor":-1,"in_out":3,"link1_id":"85f51acf3bfe4da797fbdf82497ce706","link2_id":"c3120d0cd7eb42bcb0dbdc169ed8b53d","link3_id":" ","link4_id":" ","link5_id":" ","link6_id":" ","link7_id":" ","link8_id":" "}},{"type":"Feature","id":4,"geometry":{"type":"Point","coordinates":[139.6993896947863,35.687040597274716]},"properties":{"FID":4,"node_id":"de92591c2daa4499a18c341848b60d80","lat":35.687040600000003,"lon":139.69938969,"floor":-1,"in_out":3,"link1_id":"ae6e954c23d44cd0b23f55c1c38d9c39","link2_id":"5df0d1aa7caf40338c990bcbc7088b48","link3_id":" ","link4_id":" ","link5_id":" ","link6_id":" ","link7_id":" ","link8_id":" "}},{"type":"Feature","id":5,"geometry":{"type":"Point","coordinates":[139.69940262462586,35.687011018775614]},"properties":{"FID":5,"node_id":"7742907ba459490a84b301842953e20a","lat":35.68701102,"lon":139.69940262,"floor":-1,"in_out":3,"link1_id":"5df0d1aa7caf40338c990bcbc7088b48","link2_id":"c3120d0cd7eb42bcb0dbdc169ed8b53d","link3_id":"ccdc706f83fb403c80d763d066dd6344","link4_id":"c24f279aeb9d4b6b8490ae214f75f7ce","link5_id":" ","link6_id":" ","link7_id":" ","link8_id":" "}},{"type":"Feature","id":6,"geometry":{"type":"Point","coordinates":[139.69940726854099,35.686938839514148]},"properties":{"FID":6,"node_id":"dcf372321b004a54ab0fdd12e89792e5","lat":35.686938840000003,"lon":139.69940726999999,"floor":-1,"in_out":3,"link1_id":"2a43a1d7342142aab1a27a9c5011c645","link2_id":"bdcdf9229c9f49dc9bc02bec79c4a8fe","link3_id":" ","link4_id":" ","link5_id":" ","link6_id":" ","link7_id":" ","link8_id":" "}},{"type":"Feature","id":7,"geometry":{"type":"Point","coordinates":[139.69931139450028,35.686873661105878]},"properties":{"FID":7,"node_id":"296c36e099de43a091fdda1ce19fb39f","lat":35.686873660000003,"lon":139.69931138999999,"floor":-1,"in_out":3,"link1_id":"c7fa5f74d72f43498ef2cb3b1dbea7e4","link2_id":"ed10f5175b374865abb53496d617ac9d","link3_id":" ","link4_id":" ","link5_id":" ","link6_id":" ","link7_id":" ","link8_id":" "}},{"type":"Feature","id":8,"geometry":{"type":"Point","coordinates":[139.69941297945985,35.68692037138382]},"properties":{"FID":8,"node_id":"1529731d4a0a430e8d9363df18a6e2df","lat":35.686920370000003,"lon":139.69941298000001,"floor":-1,"in_out":3,"link1_id":"62b88b9144c1429d8bc12c13817f030e","link2_id":"c7fa5f74d72f43498ef2cb3b1dbea7e4","link3_id":" ","link4_id":" ","link5_id":" ","link6_id":" ","link7_id":" ","link8_id":" "}},{"type":"Feature","id":9,"geometry":{"type":"Point","coordinates":[139.69930609357746,35.686891399578087]},"properties":{"FID":9,"node_id":"b1f35094d6184b58ab3f0fe737cc1e02","lat":35.6868914,"lon":139.69930608999999,"floor":-1,"in_out":3,"link1_id":"dcbc1a258ceb41b09ab50e417aabc8b4","link2_id":"cc76d72ea99a48eeb2232bde5528558a","link3_id":" ","link4_id":" ","link5_id":" ","link6_id":" ","link7_id":" ","link8_id":" "}},{"type":"Feature","id":10,"geometry":{"type":"Point","coordinates":[139.69928376676384,35.686881459648056]},"properties":{"FID":10,"node_id":"3e48483e3aa9423588491a0231f893a2","lat":35.686881460000002,"lon":139.69928376999999,"floor":-1,"in_out":3,"link1_id":"cc76d72ea99a48eeb2232bde5528558a","link2_id":"ed10f5175b374865abb53496d617ac9d","link3_id":"886dea630fb24c158b41600721dfe079","link4_id":" ","link5_id":" ","link6_id":" ","link7_id":" ","link8_id":" "}},{"type":"Feature","id":11,"geometry":{"type":"Point","coordinates":[139.69931478775203,35.686837840826449]},"properties":{"FID":11,"node_id":"ad4ba030c59c4365aa06a0665fb693ae","lat":35.686837840000003,"lon":139.69931478999999,"floor":-1,"in_out":3,"link1_id":"886dea630fb24c158b41600721dfe079","link2_id":"7fa8c59c5c4a41f7a95adb73acc86103","link3_id":"a03a9e5dae784377bba7f01dcee70e01","link4_id":" ","link5_id":" ","link6_id":" ","link7_id":" ","link8_id":" "}},{"type":"Feature","id":12,"geometry":{"type":"Point","coordinates":[139.69934595087352,35.686852581368022]},"properties":{"FID":12,"node_id":"51435d9112ba409e8ad5ab02dbbd060f","lat":35.68685258,"lon":139.69934595000001,"floor":-1,"in_out":3,"link1_id":"a03a9e5dae784377bba7f01dcee70e01","link2_id":"c690df6cad7b48bba7b3b30fee65eda2","link3_id":" ","link4_id":" ","link5_id":" ","link6_id":" ","link7_id":" ","link8_id":" "}},{"type":"Feature","id":13,"geometry":{"type":"Point","coordinates":[139.69887106342793,35.688310772453342]},"properties":{"FID":13,"node_id":"196d287141894dc4a63bb9f6ecc6ef0c","lat":35.688310770000001,"lon":139.69887105999999,"floor":-1,"in_out":3,"link1_id":"1cc1c57ea635401cac4ac6bf895feece","link2_id":"6ac033af77914fe5a9786676088b952c","link3_id":" ","link4_id":" ","link5_id":" ","link6_id":" ","link7_id":" ","link8_id":" "}},{"type":"Feature","id":14,"geometry":{"type":"Point","coordinates":[139.69885505983862,35.68834010408515]},"properties":{"FID":14,"node_id":"dd3ff1bc47b94994b4123d312d0e90de","lat":35.688340099999998,"lon":139.69885506,"floor":-1,"in_out":3,"link1_id":"6ac033af77914fe5a9786676088b952c","link2_id":"44fd62ca39a848b09273b8dae0d997f8","link3_id":" ","link4_id":" ","link5_id":" ","link6_id":" ","link7_id":" ","link8_id":" "}},{"type":"Feature","id":15,"geometry":{"type":"Point","coordinates":[139.69874346096816,35.688303311642642]},"properties":{"FID":15,"node_id":"d5320b9e13274c37851e1f5cb5127faa","lat":35.688303310000002,"lon":139.69874346,"floor":-1,"in_out":3,"link1_id":"44fd62ca39a848b09273b8dae0d997f8","link2_id":"8ee41370226046abbed431ca6a539b55","link3_id":" ","link4_id":" ","link5_id":" ","link6_id":" ","link7_id":" ","link8_id":" "}},{"type":"Feature","id":16,"geometry":{"type":"Point","coordinates":[139.69876059794962,35.688263597510392]},"properties":{"FID":16,"node_id":"212676bd600b4ae7b31e9050699f71a8","lat":35.688263599999999,"lon":139.69876060000001,"floor":-1,"in_out":3,"link1_id":"8ee41370226046abbed431ca6a539b55","link2_id":"636c6fc9d3ca4ba19cb9c690274a7943","link3_id":" ","link4_id":" ","link5_id":" ","link6_id":" ","link7_id":" ","link8_id":" "}},{"type":"Feature","id":17,"geometry":{"type":"Point","coordinates":[139.69888127391022,35.688303976711083]},"properties":{"FID":17,"node_id":"f6f69fc0ced24fc59bf56c663eef67d7","lat":35.688303980000001,"lon":139.69888126999999,"floor":-1,"in_out":3,"link1_id":"636c6fc9d3ca4ba19cb9c690274a7943","link2_id":"82c9a2c2cd704a348fbeb423d07cb125","link3_id":" ","link4_id":" ","link5_id":" ","link6_id":" ","link7_id":" ","link8_id":" "}},{"type":"Feature","id":18,"geometry":{"type":"Point","coordinates":[139.69885960817743,35.688345622845809]},"properties":{"FID":18,"node_id":"9d31cf966f2f4434a1d1ecd060d88b14","lat":35.68834562,"lon":139.69885961,"floor":-1,"in_out":3,"link1_id":"82c9a2c2cd704a348fbeb423d07cb125","link2_id":"0564105d1e914395848a2b09c12368c5","link3_id":" ","link4_id":" ","link5_id":" ","link6_id":" ","link7_id":" ","link8_id":" "}},{"type":"Feature","id":19,"geometry":{"type":"Point","coordinates":[139.69882265231476,35.688311440370157]},"properties":{"FID":19,"node_id":"360c205d7f054953b7d25f0f17e3b99d","lat":35.68831144,"lon":139.69882265000001,"floor":-2,"in_out":3,"link1_id":"c536dec73be340d2beca35ac24eb3799","link2_id":"203cbf0c5d724f7fa48027cf741e7628","link3_id":" ","link4_id":" ","link5_id":" ","link6_id":" ","link7_id":" ","link8_id":" "}},{"type":"Feature","id":20,"geometry":{"type":"Point","coordinates":[139.69875695401538,35.688288634396216]},"properties":{"FID":20,"node_id":"e1defe63797f445085e32762763cfe94","lat":35.688288630000002,"lon":139.69875694999999,"floor":-2,"in_out":3,"link1_id":"203cbf0c5d724f7fa48027cf741e7628","link2_id":"bbd568af0aed40d19524eebb4dfdec1e","link3_id":" ","link4_id":" ","link5_id":" ","link6_id":" ","link7_id":" ","link8_id":" "}},{"type":"Feature","id":21,"geometry":{"type":"Point","coordinates":[139.69876230630717,35.688274646610402]},"properties":{"FID":21,"node_id":"6a73c869b3a34d6386bbe809663715df","lat":35.688274649999997,"lon":139.69876231000001,"floor":-2,"in_out":3,"link1_id":"bbd568af0aed40d19524eebb4dfdec1e","link2_id":"1f98aaa4ff144db18d34bb6e866a13a9","link3_id":" ","link4_id":" ","link5_id":" ","link6_id":" ","link7_id":" ","link8_id":" "}},{"type":"Feature","id":22,"geometry":{"type":"Point","coordinates":[139.69879084210683,35.688284356514053]},"properties":{"FID":22,"node_id":"fb5671d1edba4c91ad50438c830827a9","lat":35.688284359999997,"lon":139.69879083999999,"floor":-1,"in_out":3,"link1_id":"1f98aaa4ff144db18d34bb6e866a13a9","link2_id":"1cc1c57ea635401cac4ac6bf895feece","link3_id":" ","link4_id":" ","link5_id":" ","link6_id":" ","link7_id":" ","link8_id":" "}},{"type":"Feature","id":23,"geometry":{"type":"Point","coordinates":[139.69873821292947,35.688910328841985]},"properties":{"FID":23,"node_id":"a06f3d191885497bac197b666c4daef9","lat":35.688910329999999,"lon":139.69873820999999,"floor":0,"in_out":2,"link1_id":"b503c7d9461a4f239a60bbd4011022e9","link2_id":" ","link3_id":" ","link4_id":" ","link5_id":" ","link6_id":" ","link7_id":" ","link8_id":" "}},{"type":"Feature","id":24,"geometry":{"type":"Point","coordinates":[139.69943239823812,35.686944909351027]},"properties":{"FID":24,"node_id":"b092e4d600474103bc6d6ca3c84191ba","lat":35.686944910000001,"lon":139.69943240000001,"floor":-1,"in_out":3,"link1_id":"c24f279aeb9d4b6b8490ae214f75f7ce","link2_id":"2a43a1d7342142aab1a27a9c5011c645","link3_id":"62b88b9144c1429d8bc12c13817f030e","link4_id":" ","link5_id":" ","link6_id":" ","link7_id":" ","link8_id":" "}},{"type":"Feature","id":25,"geometry":{"type":"Point","coordinates":[139.69935635055901,35.687033150007707]},"properties":{"FID":25,"node_id":"cbaeded02c114348a1bd8d0c0590584c","lat":35.687033149999998,"lon":139.69935634999999,"floor":-1,"in_out":3,"link1_id":"02f4e95f96b745f586ce2fa10929f40e","link2_id":"ed7e56a8e6234197be06280fcb24aecc","link3_id":"0ac77dfc247649a4a854e5a2d8da1c21","link4_id":" ","link5_id":" ","link6_id":" ","link7_id":" ","link8_id":" "}},{"type":"Feature","id":26,"geometry":{"type":"Point","coordinates":[139.69866916708693,35.688635321190247]},"properties":{"FID":26,"node_id":"df3ba7f0c4104b71b9fd647d75ea0068","lat":35.688635320000003,"lon":139.69866916999999,"floor":-2,"in_out":3,"link1_id":"979708ff4e8442fd98f380b06fc75cef","link2_id":"024c3d4f806949efa62cf198a71a654a","link3_id":"11454d73012645c1a5ea0a8a89bc5cab","link4_id":"d46a083f9da24d2fb03684dea8dd9c44","link5_id":" ","link6_id":" ","link7_id":" ","link8_id":" "}},{"type":"Feature","id":27,"geometry":{"type":"Point","coordinates":[139.69869006575729,35.68864260059329]},"properties":{"FID":27,"node_id":"fe13251e6885410b870179837c3832cf","lat":35.688642600000001,"lon":139.69869007,"floor":-2,"in_out":3,"link1_id":"024c3d4f806949efa62cf198a71a654a","link2_id":"d46a083f9da24d2fb03684dea8dd9c44","link3_id":"7ecbc688a66e48b9b53e9fdacb081e10","link4_id":" ","link5_id":" ","link6_id":" ","link7_id":" ","link8_id":" "}},{"type":"Feature","id":28,"geometry":{"type":"Point","coordinates":[139.69866345357838,35.688596649634995]},"properties":{"FID":28,"node_id":"76d69a8bb73d409a9fe2fd95f1974699","lat":35.688596650000001,"lon":139.69866345,"floor":-2,"in_out":3,"link1_id":"11454d73012645c1a5ea0a8a89bc5cab","link2_id":"fb50a2d255aa47e8990889c036ed6e1b","link3_id":"92087081272a43e0a21b41bbc20092d0","link4_id":" ","link5_id":" ","link6_id":" ","link7_id":" ","link8_id":" "}},{"type":"Feature","id":29,"geometry":{"type":"Point","coordinates":[139.69863788184074,35.68859430360471]},"properties":{"FID":29,"node_id":"09949e3d0b51450791edac83315777f9","lat":35.688594299999998,"lon":139.69863788000001,"floor":-2,"in_out":3,"link1_id":"fb50a2d255aa47e8990889c036ed6e1b","link2_id":"88ef3d09d7b240b18754ee19bbeae3e1","link3_id":" ","link4_id":" ","link5_id":" ","link6_id":" ","link7_id":" ","link8_id":" "}},{"type":"Feature","id":30,"geometry":{"type":"Point","coordinates":[139.69864683375619,35.688584979033301]},"properties":{"FID":30,"node_id":"7dca8f4a316b4d6a9fe51cec5f591628","lat":35.688584980000002,"lon":139.69864683,"floor":-2,"in_out":3,"link1_id":"92087081272a43e0a21b41bbc20092d0","link2_id":"904c66c36c1440ea8c6261ec2356bf72","link3_id":" ","link4_id":" ","link5_id":" ","link6_id":" ","link7_id":" ","link8_id":" "}},{"type":"Feature","id":31,"geometry":{"type":"Point","coordinates":[139.69899427440919,35.68855524796362]},"properties":{"FID":31,"node_id":"3516783a1d9c4dc1828424aa135173a6","lat":35.68855525,"lon":139.69899426999999,"floor":-2,"in_out":3,"link1_id":"9c433d2721e14a1a966346c5aa09e00f","link2_id":"94331acc9bf4441aa0a45a152598cbcb","link3_id":"6ad4932ad1764cfba1a7c0c27dac9ea2","link4_id":"e843b65b735e497597be2f6a2bce0dd9","link5_id":"e4019090f9b4463a89736716f6c57716","link6_id":"f9ef1e34217d414d9499493e2cc04f43","link7_id":" ","link8_id":" "}},{"type":"Feature","id":32,"geometry":{"type":"Point","coordinates":[139.69913112064486,35.688593077854101]},"properties":{"FID":32,"node_id":"eb214391e6ba4b80b3791881e58f5fbd","lat":35.688593079999997,"lon":139.69913112,"floor":-2,"in_out":3,"link1_id":"94331acc9bf4441aa0a45a152598cbcb","link2_id":"e2fdac99be6d433e81b78c67c7e1627d","link3_id":" ","link4_id":" ","link5_id":" ","link6_id":" ","link7_id":" ","link8_id":" "}},{"type":"Feature","id":33,"geometry":{"type":"Point","coordinates":[139.69910356642995,35.688666764772528]},"properties":{"FID":33,"node_id":"1dce5642e8164d59a63976316f18b8a0","lat":35.688666759999997,"lon":139.69910357000001,"floor":-2,"in_out":3,"link1_id":"02c8371d589e429b8c006d60f3d6b73e","link2_id":"f9e5aa8338b241b5b78933927d42a12a","link3_id":" ","link4_id":" ","link5_id":" ","link6_id":" ","link7_id":" ","link8_id":" "}},{"type":"Feature","id":34,"geometry":{"type":"Point","coordinates":[139.69908102946016,35.688681739338861]},"properties":{"FID":34,"node_id":"c8d8d8290e5b419bafc8582997846052","lat":35.68868174,"lon":139.69908103,"floor":-2,"in_out":3,"link1_id":"f9e5aa8338b241b5b78933927d42a12a","link2_id":"3763bee44e4740ac86216e99e212f8d1","link3_id":" ","link4_id":" ","link5_id":" ","link6_id":" ","link7_id":" ","link8_id":" "}},{"type":"Feature","id":35,"geometry":{"type":"Point","coordinates":[139.69906851734714,35.688707738920748]},"properties":{"FID":35,"node_id":"d9cd1bb0f76a440d83010e5b9f63ad65","lat":35.688707739999998,"lon":139.69906852,"floor":-2,"in_out":3,"link1_id":"3763bee44e4740ac86216e99e212f8d1","link2_id":"494c225a31704235abfa120e4b298d5a","link3_id":" ","link4_id":" ","link5_id":" ","link6_id":" ","link7_id":" ","link8_id":" "}},{"type":"Feature","id":36,"geometry":{"type":"Point","coordinates":[139.69898863407587,35.688527537163218]},"properties":{"FID":36,"node_id":"42c059fa4f904b7684b73597ef106da8","lat":35.688527540000003,"lon":139.69898863,"floor":-2,"in_out":3,"link1_id":"6ad4932ad1764cfba1a7c0c27dac9ea2","link2_id":"7628a98a51a543b0a6a2a1bc8f5328e0","link3_id":" ","link4_id":" ","link5_id":" ","link6_id":" ","link7_id":" ","link8_id":" "}},{"type":"Feature","id":37,"geometry":{"type":"Point","coordinates":[139.69899469740145,35.688515154599557]},"properties":{"FID":37,"node_id":"98fc72e4f3f440358bf71b9e108df685","lat":35.688515150000001,"lon":139.69899469999999,"floor":-2,"in_out":3,"link1_id":"e843b65b735e497597be2f6a2bce0dd9","link2_id":"abdb4369e9ba4070b7a2693b71bdaae9","link3_id":" ","link4_id":" ","link5_id":" ","link6_id":" ","link7_id":" ","link8_id":" "}},{"type":"Feature","id":38,"geometry":{"type":"Point","coordinates":[139.69900106893922,35.688502140519141]},"properties":{"FID":38,"node_id":"2aa544a968564cec8994e0606a71248b","lat":35.688502139999997,"lon":139.69900107000001,"floor":-2,"in_out":3,"link1_id":"e4019090f9b4463a89736716f6c57716","link2_id":"6113a2285c9143b9854ec8473455c64c","link3_id":" ","link4_id":" ","link5_id":" ","link6_id":" ","link7_id":" ","link8_id":" "}},{"type":"Feature","id":39,"geometry":{"type":"Point","coordinates":[139.69915984978894,35.688631918358681]},"properties":{"FID":39,"node_id":"1452afaefe044bc98bdd66b7a746842c","lat":35.688631919999999,"lon":139.69915985,"floor":-2,"in_out":3,"link1_id":"b56c4b8d15ec46118120e3430388d9f0","link2_id":"8fcace9d16974a91ae8617b1423de276","link3_id":" ","link4_id":" ","link5_id":" ","link6_id":" ","link7_id":" ","link8_id":" "}},{"type":"Feature","id":40,"geometry":{"type":"Point","coordinates":[139.69920541334551,35.688644077233455]},"properties":{"FID":40,"node_id":"2d2bc35b4043433da2914b2705ef69bb","lat":35.688644080000003,"lon":139.69920540999999,"floor":-2,"in_out":3,"link1_id":"8fcace9d16974a91ae8617b1423de276","link2_id":"689a2738dac749db9bb63f59f4b0bb62","link3_id":"c1b5ce9a3540406c9f19fbc4faeefe72","link4_id":"38541dff6da6468697900bff23840f98","link5_id":"d3bc0e5611df4f918d0a65ff3a7bbc3c","link6_id":"4badb0e98f82467e8e875df94ee8fab3","link7_id":" ","link8_id":" "}},{"type":"Feature","id":41,"geometry":{"type":"Point","coordinates":[139.69923308255323,35.68864553582749]},"properties":{"FID":41,"node_id":"20014f524ee643c18b80575cf3064334","lat":35.688645540000003,"lon":139.69923308,"floor":-2,"in_out":3,"link1_id":"c1b5ce9a3540406c9f19fbc4faeefe72","link2_id":"c2c4ebb36e374e1da3dde94d3a5257d6","link3_id":" ","link4_id":" ","link5_id":" ","link6_id":" ","link7_id":" ","link8_id":" "}},{"type":"Feature","id":42,"geometry":{"type":"Point","coordinates":[139.69925913496485,35.688639947507241]},"properties":{"FID":42,"node_id":"71a6a3929b3d4875ad3dfa26456dd28b","lat":35.688639950000002,"lon":139.69925913,"floor":-2,"in_out":3,"link1_id":"c2c4ebb36e374e1da3dde94d3a5257d6","link2_id":" ","link3_id":" ","link4_id":" ","link5_id":" ","link6_id":" ","link7_id":" ","link8_id":" "}},{"type":"Feature","id":43,"geometry":{"type":"Point","coordinates":[139.69918683888474,35.688568407263709]},"properties":{"FID":43,"node_id":"57e00b46b8804e7f95bd92ba9a20fb7b","lat":35.688568410000002,"lon":139.69918684000001,"floor":-2,"in_out":3,"link1_id":"38541dff6da6468697900bff23840f98","link2_id":"2692fe08625f4a3f92d69a1380a58ccd","link3_id":" ","link4_id":" ","link5_id":" ","link6_id":" ","link7_id":" ","link8_id":" "}},{"type":"Feature","id":44,"geometry":{"type":"Point","coordinates":[139.6991921451133,35.688556161756146]},"properties":{"FID":44,"node_id":"9358bfa335994d73b8ee8b883661b5a8","lat":35.688556159999997,"lon":139.69919214999999,"floor":-2,"in_out":3,"link1_id":"d3bc0e5611df4f918d0a65ff3a7bbc3c","link2_id":"fd3365c80feb4bcab0437f74db5ad68d","link3_id":" ","link4_id":" ","link5_id":" ","link6_id":" ","link7_id":" ","link8_id":" "}},{"type":"Feature","id":45,"geometry":{"type":"Point","coordinates":[139.69925332197082,35.688704792796059]},"properties":{"FID":45,"node_id":"4eb0fed0079349e5889eab0fd66e3fc8","lat":35.688704790000003,"lon":139.69925332,"floor":-2,"in_out":3,"link1_id":"4badb0e98f82467e8e875df94ee8fab3","link2_id":" ","link3_id":" ","link4_id":" ","link5_id":" ","link6_id":" ","link7_id":" ","link8_id":" "}},{"type":"Feature","id":46,"geometry":{"type":"Point","coordinates":[139.69891350585127,35.688534123439076]},"properties":{"FID":46,"node_id":"5ea0663da433489daf5153ad86b07a2b","lat":35.68853412,"lon":139.69891351000001,"floor":-2,"in_out":3,"link1_id":"a2dfff5edce042b8b5c5d74ccfc107b0","link2_id":"a61958a4e2e54d22ba88b7a521cc65cc","link3_id":" ","link4_id":" ","link5_id":" ","link6_id":" ","link7_id":" ","link8_id":" "}},{"type":"Feature","id":47,"geometry":{"type":"Point","coordinates":[139.69903211504308,35.688789407498447]},"properties":{"FID":47,"node_id":"9ff85d09ae4e40469ec227099d95c775","lat":35.688789409999998,"lon":139.69903212,"floor":-2,"in_out":3,"link1_id":"494c225a31704235abfa120e4b298d5a","link2_id":"153ed6a940b24635b4b8fd02f2ececfd","link3_id":"b7887b29a2754c69b88938267d6a04c8","link4_id":" ","link5_id":" ","link6_id":" ","link7_id":" ","link8_id":" "}},{"type":"Feature","id":48,"geometry":{"type":"Point","coordinates":[139.69892359998204,35.688756748742016]},"properties":{"FID":48,"node_id":"1ecbdf77f58f423fa3142d1b71e078bf","lat":35.688756750000003,"lon":139.6989236,"floor":-2,"in_out":3,"link1_id":"ef8f83872c854175880bcd5df168109e","link2_id":"fcd499174c514ccabf4a43f0dfe0f5c3","link3_id":"153ed6a940b24635b4b8fd02f2ececfd","link4_id":" ","link5_id":" ","link6_id":" ","link7_id":" ","link8_id":" "}},{"type":"Feature","id":49,"geometry":{"type":"Point","coordinates":[139.69906746439639,35.688800047038193]},"properties":{"FID":49,"node_id":"442c173f5d124d7b9dc1d03cc596e0e4","lat":35.688800049999998,"lon":139.69906746000001,"floor":-2,"in_out":3,"link1_id":"b7887b29a2754c69b88938267d6a04c8","link2_id":"1cea21fdcd794d7b9d4c919f6c49a8b0","link3_id":"ca555b6e85d44bb686ca036de60e69bb","link4_id":" ","link5_id":" ","link6_id":" ","link7_id":" ","link8_id":" "}},{"type":"Feature","id":50,"geometry":{"type":"Point","coordinates":[139.69912403111542,35.688817070288799]},"properties":{"FID":50,"node_id":"d92d2f120f7c4f69b630469fb9f8b375","lat":35.688817069999999,"lon":139.69912403000001,"floor":-2,"in_out":3,"link1_id":"1cea21fdcd794d7b9d4c919f6c49a8b0","link2_id":"3185eb4d50a945d0b7768b74b322263f","link3_id":"9ad3f31d7c3f4fbf8aa68b3af81712bb","link4_id":"7287af1de1844fcc8d5510fab89ad609","link5_id":"2b1fd51a149340ee8284db1a0b307b00","link6_id":" ","link7_id":" ","link8_id":" "}},{"type":"Feature","id":51,"geometry":{"type":"Point","coordinates":[139.69917601049656,35.688832714713122]},"properties":{"FID":51,"node_id":"ece87975c3994d44ba56259bf593822e","lat":35.68883271,"lon":139.69917601,"floor":-2,"in_out":3,"link1_id":"3185eb4d50a945d0b7768b74b322263f","link2_id":"c47791907a064721b81512e75042f440","link3_id":" ","link4_id":" ","link5_id":" ","link6_id":" ","link7_id":" ","link8_id":" "}},{"type":"Feature","id":52,"geometry":{"type":"Point","coordinates":[139.69921717897006,35.688838265249451]},"properties":{"FID":52,"node_id":"5d17a9840ef641428ff57987cb76772d","lat":35.688838269999998,"lon":139.69921718000001,"floor":-2,"in_out":3,"link1_id":"c47791907a064721b81512e75042f440","link2_id":"45ebdab487134925b3b47cd29bffb99c","link3_id":" ","link4_id":" ","link5_id":" ","link6_id":" ","link7_id":" ","link8_id":" "}},{"type":"Feature","id":53,"geometry":{"type":"Point","coordinates":[139.69878329556954,35.68856084962156]},"properties":{"FID":53,"node_id":"3e77f0b2acc24044a02b0a2b24289c4e","lat":35.688560850000002,"lon":139.6987833,"floor":-2,"in_out":3,"link1_id":"d6b0f7a8422a4e2cb2ecc2fd2aedcc00","link2_id":"991d0a570e5b41c9a76611e1041f8733","link3_id":"b8278894353043ea8df46938a26feb97","link4_id":" ","link5_id":" ","link6_id":" ","link7_id":" ","link8_id":" "}},{"type":"Feature","id":54,"geometry":{"type":"Point","coordinates":[139.69877736004133,35.688401713335573]},"properties":{"FID":54,"node_id":"bf71354b90b04a7aa2a85773b20aa230","lat":35.688401710000001,"lon":139.69877736000001,"floor":-2,"in_out":3,"link1_id":"82b122a9cea8444c93cde3c497fcba06","link2_id":"77dbcfe5c10c445eb3a9fb522feed10c","link3_id":" ","link4_id":" ","link5_id":" ","link6_id":" ","link7_id":" ","link8_id":" "}},{"type":"Feature","id":55,"geometry":{"type":"Point","coordinates":[139.69880995943643,35.688339798609952]},"properties":{"FID":55,"node_id":"5324674e57ca4b10a27205ad92be5da2","lat":35.688339800000001,"lon":139.69880996000001,"floor":-2,"in_out":3,"link1_id":"77dbcfe5c10c445eb3a9fb522feed10c","link2_id":"c536dec73be340d2beca35ac24eb3799","link3_id":" ","link4_id":" ","link5_id":" ","link6_id":" ","link7_id":" ","link8_id":" "}},{"type":"Feature","id":56,"geometry":{"type":"Point","coordinates":[139.69924357571634,35.688849451810114]},"properties":{"FID":56,"node_id":"032cf295875e4f1fa99164971cab0680","lat":35.688849449999999,"lon":139.69924358,"floor":-2,"in_out":3,"link1_id":"45ebdab487134925b3b47cd29bffb99c","link2_id":" ","link3_id":" ","link4_id":" ","link5_id":" ","link6_id":" ","link7_id":" ","link8_id":" "}},{"type":"Feature","id":57,"geometry":{"type":"Point","coordinates":[139.69915841826594,35.688735266936277]},"properties":{"FID":57,"node_id":"57ea2c8b971f47a59cdfdc1344057e36","lat":35.688735270000002,"lon":139.69915842,"floor":-2,"in_out":3,"link1_id":"9ad3f31d7c3f4fbf8aa68b3af81712bb","link2_id":" ","link3_id":" ","link4_id":" ","link5_id":" ","link6_id":" ","link7_id":" ","link8_id":" "}},{"type":"Feature","id":58,"geometry":{"type":"Point","coordinates":[139.69910422117346,35.688717815488943]},"properties":{"FID":58,"node_id":"17e7f081779d4c65940d6f490486a8ba","lat":35.688717820000001,"lon":139.69910422000001,"floor":-2,"in_out":3,"link1_id":"ca555b6e85d44bb686ca036de60e69bb","link2_id":" ","link3_id":" ","link4_id":" ","link5_id":" ","link6_id":" ","link7_id":" ","link8_id":" "}},{"type":"Feature","id":59,"geometry":{"type":"Point","coordinates":[139.69913360210757,35.688916365048598]},"properties":{"FID":59,"node_id":"38d4fc0b89684db39ae3ce5c49614a73","lat":35.688916370000001,"lon":139.69913360000001,"floor":-2,"in_out":3,"link1_id":"7287af1de1844fcc8d5510fab89ad609","link2_id":"4038cecf024c417a87310ab9859a7404","link3_id":" ","link4_id":" ","link5_id":" ","link6_id":" ","link7_id":" ","link8_id":" "}},{"type":"Feature","id":60,"geometry":{"type":"Point","coordinates":[139.69915063432387,35.68893653235471]},"properties":{"FID":60,"node_id":"6dff9addf7384aaabbbe0742d2e5a1ce","lat":35.688936529999999,"lon":139.69915062999999,"floor":-2,"in_out":3,"link1_id":"4038cecf024c417a87310ab9859a7404","link2_id":" ","link3_id":" ","link4_id":" ","link5_id":" ","link6_id":" ","link7_id":" ","link8_id":" "}},{"type":"Feature","id":61,"geometry":{"type":"Point","coordinates":[139.69922994131457,35.68876176307726]},"properties":{"FID":61,"node_id":"6c97cbd1aec74488808e901936e282cc","lat":35.688761759999998,"lon":139.69922994000001,"floor":-2,"in_out":3,"link1_id":"2b1fd51a149340ee8284db1a0b307b00","link2_id":"0b4d09b4ec014c16a0699dd188827a78","link3_id":" ","link4_id":" ","link5_id":" ","link6_id":" ","link7_id":" ","link8_id":" "}},{"type":"Feature","id":62,"geometry":{"type":"Point","coordinates":[139.69926503568769,35.688770942957142]},"properties":{"FID":62,"node_id":"c260467c34ae4ec9bfdd6a39eff88a13","lat":35.688770939999998,"lon":139.69926504,"floor":-2,"in_out":3,"link1_id":"0b4d09b4ec014c16a0699dd188827a78","link2_id":"2fa19e7c2c2641f393437b17c7b79502","link3_id":" ","link4_id":" ","link5_id":" ","link6_id":" ","link7_id":" ","link8_id":" "}},{"type":"Feature","id":63,"geometry":{"type":"Point","coordinates":[139.6992619753951,35.688777413187665]},"properties":{"FID":63,"node_id":"dd1591cb6a31462f8dcf532105f868af","lat":35.68877741,"lon":139.69926197999999,"floor":-2,"in_out":3,"link1_id":"2fa19e7c2c2641f393437b17c7b79502","link2_id":"d5a54a582607426895b591c16c4305ef","link3_id":" ","link4_id":" ","link5_id":" ","link6_id":" ","link7_id":" ","link8_id":" "}},{"type":"Feature","id":64,"geometry":{"type":"Point","coordinates":[139.69928326594635,35.688781412508007]},"properties":{"FID":64,"node_id":"68dc1313bde54e0a8f63f8011135ea6e","lat":35.688781409999997,"lon":139.69928327,"floor":-2,"in_out":3,"link1_id":"d5a54a582607426895b591c16c4305ef","link2_id":" ","link3_id":" ","link4_id":" ","link5_id":" ","link6_id":" ","link7_id":" ","link8_id":" "}},{"type":"Feature","id":65,"geometry":{"type":"Point","coordinates":[139.69870109583732,35.688529448639173]},"properties":{"FID":65,"node_id":"2e036b5969f34dd5b002cfb0f3597afb","lat":35.688529449999997,"lon":139.69870109999999,"floor":-2,"in_out":3,"link1_id":"82b122a9cea8444c93cde3c497fcba06","link2_id":"991d0a570e5b41c9a76611e1041f8733","link3_id":" ","link4_id":" ","link5_id":" ","link6_id":" ","link7_id":" ","link8_id":" "}},{"type":"Feature","id":66,"geometry":{"type":"Point","coordinates":[139.69889695656946,35.688605512386808]},"properties":{"FID":66,"node_id":"ada95f9dcb5a4adbae032ce241c8a105","lat":35.688605510000002,"lon":139.69889696000001,"floor":-2,"in_out":3,"link1_id":"b8278894353043ea8df46938a26feb97","link2_id":"80b372f586204d5cbe5769beffcfbf56","link3_id":" ","link4_id":" ","link5_id":" ","link6_id":" ","link7_id":" ","link8_id":" "}},{"type":"Feature","id":67,"geometry":{"type":"Point","coordinates":[139.69891577115953,35.688599796175993]},"properties":{"FID":67,"node_id":"1c1750334451430b83e23f9c5a60fab5","lat":35.688599799999999,"lon":139.69891577000001,"floor":-2,"in_out":3,"link1_id":"80b372f586204d5cbe5769beffcfbf56","link2_id":"f9ef1e34217d414d9499493e2cc04f43","link3_id":" ","link4_id":" ","link5_id":" ","link6_id":" ","link7_id":" ","link8_id":" "}},{"type":"Feature","id":68,"geometry":{"type":"Point","coordinates":[139.69875700489672,35.688754993341973]},"properties":{"FID":68,"node_id":"04f621bad4b54f868630c9ae2e57f066","lat":35.68875499,"lon":139.698757,"floor":-2,"in_out":3,"link1_id":"6a10e255bd8c4d798a1b8ded66adcc4b","link2_id":"03bd24ff9bc0412b92016f57625f0ba5","link3_id":" ","link4_id":" ","link5_id":" ","link6_id":" ","link7_id":" ","link8_id":" "}},{"type":"Feature","id":69,"geometry":{"type":"Point","coordinates":[139.69876311129133,35.688708447116561]},"properties":{"FID":69,"node_id":"e764ee9de7834a9aae179ce41bbf2e9a","lat":35.68870845,"lon":139.69876310999999,"floor":-2,"in_out":3,"link1_id":"61081e327be94b0e9ccd4da188a43dfd","link2_id":"fcd499174c514ccabf4a43f0dfe0f5c3","link3_id":"6a10e255bd8c4d798a1b8ded66adcc4b","link4_id":" ","link5_id":" ","link6_id":" ","link7_id":" ","link8_id":" "}},{"type":"Feature","id":70,"geometry":{"type":"Point","coordinates":[139.69912310894182,35.688622246267265]},"properties":{"FID":70,"node_id":"94efe2c9901d474c8369e21de5b8b16c","lat":35.688622250000002,"lon":139.69912310999999,"floor":-2,"in_out":3,"link1_id":"e2fdac99be6d433e81b78c67c7e1627d","link2_id":"02c8371d589e429b8c006d60f3d6b73e","link3_id":"b56c4b8d15ec46118120e3430388d9f0","link4_id":" ","link5_id":" ","link6_id":" ","link7_id":" ","link8_id":" "}},{"type":"Feature","id":71,"geometry":{"type":"Point","coordinates":[139.69848930899079,35.688562856140599]},"properties":{"FID":71,"node_id":"fa9cd0ba2685432cb446f2cf9c3edd86","lat":35.688562859999998,"lon":139.69848931000001,"floor":-2.5,"in_out":3,"link1_id":"c6c5c71701c3420494e382fa014c7bba","link2_id":"cb0bb802da5b42b1adf8cd1fb9babf2f","link3_id":" ","link4_id":" ","link5_id":" ","link6_id":" ","link7_id":" ","link8_id":" "}},{"type":"Feature","id":72,"geometry":{"type":"Point","coordinates":[139.6984516812779,35.688511038398502]},"properties":{"FID":72,"node_id":"fe83851ef53a4dac9ba5656be1b4ffd6","lat":35.688511040000002,"lon":139.69845168000001,"floor":-2.5,"in_out":3,"link1_id":"904c66c36c1440ea8c6261ec2356bf72","link2_id":"9039e446d9f0425181435b11e5e7f4cd","link3_id":" ","link4_id":" ","link5_id":" ","link6_id":" ","link7_id":" ","link8_id":" "}},{"type":"Feature","id":73,"geometry":{"type":"Point","coordinates":[139.6985045259822,35.688568385962391]},"properties":{"FID":73,"node_id":"7b0e65226e6047c9a2ff1ba758ff9ba3","lat":35.68856839,"lon":139.69850453000001,"floor":-2.5,"in_out":3,"link1_id":"cb0bb802da5b42b1adf8cd1fb9babf2f","link2_id":"f1519b2251c643099808c2d35a7e5829","link3_id":" ","link4_id":" ","link5_id":" ","link6_id":" ","link7_id":" ","link8_id":" "}},{"type":"Feature","id":74,"geometry":{"type":"Point","coordinates":[139.69856882293163,35.688591503279852]},"properties":{"FID":74,"node_id":"1d7352aba5914bfbbe2347124f34f929","lat":35.688591500000001,"lon":139.69856881999999,"floor":-2.5,"in_out":3,"link1_id":"6f9892ffe6e4443ea1795c3c7580dbbd","link2_id":"911d0fc13981432c9098ef79668b1d33","link3_id":" ","link4_id":" ","link5_id":" ","link6_id":" ","link7_id":" ","link8_id":" "}},{"type":"Feature","id":75,"geometry":{"type":"Point","coordinates":[139.69855360360788,35.68858604106633]},"properties":{"FID":75,"node_id":"450d3e4ac26044b8929507cc111a2b1c","lat":35.688586039999997,"lon":139.6985536,"floor":-2.5,"in_out":3,"link1_id":"f1519b2251c643099808c2d35a7e5829","link2_id":"6f9892ffe6e4443ea1795c3c7580dbbd","link3_id":" ","link4_id":" ","link5_id":" ","link6_id":" ","link7_id":" ","link8_id":" "}},{"type":"Feature","id":76,"geometry":{"type":"Point","coordinates":[139.69861753378549,35.688609147130691]},"properties":{"FID":76,"node_id":"8e5c480d58304a1e84ebba6a073e754d","lat":35.688609149999998,"lon":139.69861753000001,"floor":-2,"in_out":3,"link1_id":"911d0fc13981432c9098ef79668b1d33","link2_id":"979708ff4e8442fd98f380b06fc75cef","link3_id":" ","link4_id":" ","link5_id":" ","link6_id":" ","link7_id":" ","link8_id":" "}},{"type":"Feature","id":77,"geometry":{"type":"Point","coordinates":[139.69834279674163,35.688503929837239]},"properties":{"FID":77,"node_id":"af29d46836994e219ce5dd4b8f704987","lat":35.688503930000003,"lon":139.69834280000001,"floor":-2.5,"in_out":3,"link1_id":"118e1e4bbb58406f83f7dd6eb82f2ea7","link2_id":"448f2a06f46d4159bc8d25719733acf9","link3_id":" ","link4_id":" ","link5_id":" ","link6_id":" ","link7_id":" ","link8_id":" "}},{"type":"Feature","id":78,"geometry":{"type":"Point","coordinates":[139.69835532333468,35.688477981724432]},"properties":{"FID":78,"node_id":"f9731c86deef40b88275f939088b6c5e","lat":35.688477980000002,"lon":139.69835531999999,"floor":-2.5,"in_out":3,"link1_id":"448f2a06f46d4159bc8d25719733acf9","link2_id":"ce97b52045384ba5a1d1e32ba867d01f","link3_id":" ","link4_id":" ","link5_id":" ","link6_id":" ","link7_id":" ","link8_id":" "}},{"type":"Feature","id":79,"geometry":{"type":"Point","coordinates":[139.69838606966275,35.688491835095611]},"properties":{"FID":79,"node_id":"01c5203844824e47ad84b1fe5a704e98","lat":35.688491839999998,"lon":139.69838607,"floor":-2.5,"in_out":3,"link1_id":"ce97b52045384ba5a1d1e32ba867d01f","link2_id":"cc8b27a958dd4cbb83d68f3791db6111","link3_id":" ","link4_id":" ","link5_id":" ","link6_id":" ","link7_id":" ","link8_id":" "}},{"type":"Feature","id":80,"geometry":{"type":"Point","coordinates":[139.6984183239941,35.688503816200821]},"properties":{"FID":80,"node_id":"d453fbd6bf134453a8113ea1e9ebb83f","lat":35.688503820000001,"lon":139.69841832,"floor":-2.5,"in_out":3,"link1_id":"cc8b27a958dd4cbb83d68f3791db6111","link2_id":"a013c657f616493cb92b30b7f90f9ee0","link3_id":"5bb1e2cfb43b42e9b3805884e53aa355","link4_id":"9039e446d9f0425181435b11e5e7f4cd","link5_id":" ","link6_id":" ","link7_id":" ","link8_id":" "}},{"type":"Feature","id":81,"geometry":{"type":"Point","coordinates":[139.69844076204402,35.688545016824193]},"properties":{"FID":81,"node_id":"58f7637c5b724a28b626fa0bfb3c1a91","lat":35.688545019999999,"lon":139.69844076000001,"floor":-2.5,"in_out":3,"link1_id":"a013c657f616493cb92b30b7f90f9ee0","link2_id":"c6c5c71701c3420494e382fa014c7bba","link3_id":" ","link4_id":" ","link5_id":" ","link6_id":" ","link7_id":" ","link8_id":" "}},{"type":"Feature","id":82,"geometry":{"type":"Point","coordinates":[139.69844558106385,35.688524937898997]},"properties":{"FID":82,"node_id":"cc3a914abb534278af3ad439f1af0b7b","lat":35.688524940000001,"lon":139.69844558,"floor":-2.5,"in_out":3,"link1_id":"5bb1e2cfb43b42e9b3805884e53aa355","link2_id":"88ef3d09d7b240b18754ee19bbeae3e1","link3_id":" ","link4_id":" ","link5_id":" ","link6_id":" ","link7_id":" ","link8_id":" "}},{"type":"Feature","id":83,"geometry":{"type":"Point","coordinates":[139.69868466264941,35.688397520177638]},"properties":{"FID":83,"node_id":"b159c0f74b1843c4bca94432e5fb5e86","lat":35.688397520000002,"lon":139.69868466,"floor":-3,"in_out":3,"link1_id":"6113a2285c9143b9854ec8473455c64c","link2_id":"83c8b4c2ac05406ebd345fb9aee2dfca","link3_id":" ","link4_id":" ","link5_id":" ","link6_id":" ","link7_id":" ","link8_id":" "}},{"type":"Feature","id":84,"geometry":{"type":"Point","coordinates":[139.69886733998129,35.688489203490569]},"properties":{"FID":84,"node_id":"ea71c5f746934d0a934c43782d861da5","lat":35.688489199999999,"lon":139.69886733999999,"floor":-3,"in_out":3,"link1_id":"e1fa653048b94a5695777d1063b34417","link2_id":"6d50f884e12d43979ed80980ea53b58b","link3_id":" ","link4_id":" ","link5_id":" ","link6_id":" ","link7_id":" ","link8_id":" "}},{"type":"Feature","id":85,"geometry":{"type":"Point","coordinates":[139.69837760069422,35.688520757774192]},"properties":{"FID":85,"node_id":"b757c70cbc5841aaaab1a8375cf51b24","lat":35.688520760000003,"lon":139.69837759999999,"floor":-2.5,"in_out":3,"link1_id":"23febef47c1a493ebf68f649dc97da93","link2_id":"118e1e4bbb58406f83f7dd6eb82f2ea7","link3_id":" ","link4_id":" ","link5_id":" ","link6_id":" ","link7_id":" ","link8_id":" "}},{"type":"Feature","id":86,"geometry":{"type":"Point","coordinates":[139.69937941079399,35.68757526146377]},"properties":{"FID":86,"node_id":"f1a311d35568419e928168685a4195d4","lat":35.687575260000003,"lon":139.69937941000001,"floor":-2,"in_out":3,"link1_id":"afb6c22c083e418faddf9cd1422504ce","link2_id":"1b868192cccb42409590b39fde41797c","link3_id":" ","link4_id":" ","link5_id":" ","link6_id":" ","link7_id":" ","link8_id":" "}},{"type":"Feature","id":87,"geometry":{"type":"Point","coordinates":[139.69943336267295,35.687588280480362]},"properties":{"FID":87,"node_id":"1bd096135cb447c399d986d0d9a1152b","lat":35.68758828,"lon":139.69943336,"floor":-2,"in_out":3,"link1_id":"1b868192cccb42409590b39fde41797c","link2_id":"e19e8974276540aca742c901b9b5591d","link3_id":" ","link4_id":" ","link5_id":" ","link6_id":" ","link7_id":" ","link8_id":" "}},{"type":"Feature","id":88,"geometry":{"type":"Point","coordinates":[139.69951750557152,35.687379297637186]},"properties":{"FID":88,"node_id":"9085924b967b4e04b623c776da92ba60","lat":35.687379300000003,"lon":139.69951750999999,"floor":-2,"in_out":3,"link1_id":"8e2ca70e3d574943840e3239482e88a7","link2_id":"777346d9cc79413fa96537ed02c83cfa","link3_id":" ","link4_id":" ","link5_id":" ","link6_id":" ","link7_id":" ","link8_id":" "}},{"type":"Feature","id":89,"geometry":{"type":"Point","coordinates":[139.69961410448312,35.687134385527187]},"properties":{"FID":89,"node_id":"24fb06c14bf2419db33d25849e30582d","lat":35.687134389999997,"lon":139.69961409999999,"floor":-2,"in_out":3,"link1_id":"e6cdab49ff2140369dd6333155aef2e4","link2_id":"d37a32a3fdc24a5292dad051944a3bf4","link3_id":"edca218bfce5405cac0dbbb943136baf","link4_id":" ","link5_id":" ","link6_id":" ","link7_id":" ","link8_id":" "}},{"type":"Feature","id":90,"geometry":{"type":"Point","coordinates":[139.69961080890897,35.687049516964848]},"properties":{"FID":90,"node_id":"2146b61f474c457c904106249b12d9a1","lat":35.687049520000002,"lon":139.69961081,"floor":-2,"in_out":3,"link1_id":"88250072caf640e68a87487e2fc5cf14","link2_id":"d573063b997e42f3b146ffeec98aed38","link3_id":" ","link4_id":" ","link5_id":" ","link6_id":" ","link7_id":" ","link8_id":" "}},{"type":"Feature","id":91,"geometry":{"type":"Point","coordinates":[139.69958770955367,35.687087335331327]},"properties":{"FID":91,"node_id":"8ba344e42d9e4eea873f52d0b8a18bd7","lat":35.687087339999998,"lon":139.69958771,"floor":-2,"in_out":3,"link1_id":"d37a32a3fdc24a5292dad051944a3bf4","link2_id":"dbc823a7c24344c18592200c8bafcbce","link3_id":" ","link4_id":" ","link5_id":" ","link6_id":" ","link7_id":" ","link8_id":" "}},{"type":"Feature","id":92,"geometry":{"type":"Point","coordinates":[139.69941275282372,35.687048041202949]},"properties":{"FID":92,"node_id":"eb89615864d14720b16a2cf04c8ade9f","lat":35.687048040000001,"lon":139.69941274999999,"floor":-2,"in_out":3,"link1_id":"dbc823a7c24344c18592200c8bafcbce","link2_id":"b11627b004444914a79e0822178195dc","link3_id":" ","link4_id":" ","link5_id":" ","link6_id":" ","link7_id":" ","link8_id":" "}},{"type":"Feature","id":93,"geometry":{"type":"Point","coordinates":[139.69936863034442,35.687040163713469]},"properties":{"FID":93,"node_id":"6d25aaa5f22848d1899c1515f5c8d977","lat":35.687040160000002,"lon":139.69936863000001,"floor":-2,"in_out":3,"link1_id":"b11627b004444914a79e0822178195dc","link2_id":"8efcde1b27f54aad9e742c3cef8ac607","link3_id":" ","link4_id":" ","link5_id":" ","link6_id":" ","link7_id":" ","link8_id":" "}},{"type":"Feature","id":94,"geometry":{"type":"Point","coordinates":[139.69935540370685,35.687037109574497]},"properties":{"FID":94,"node_id":"8f02ce2fdd65421e8c6b5b6e7a36aa5f","lat":35.687037109999999,"lon":139.6993554,"floor":-2,"in_out":3,"link1_id":"8efcde1b27f54aad9e742c3cef8ac607","link2_id":"02f4e95f96b745f586ce2fa10929f40e","link3_id":" ","link4_id":" ","link5_id":" ","link6_id":" ","link7_id":" ","link8_id":" "}},{"type":"Feature","id":95,"geometry":{"type":"Point","coordinates":[139.69958131245161,35.687061513884316]},"properties":{"FID":95,"node_id":"5936d5af0a944dce99800d25a5875907","lat":35.687061509999999,"lon":139.69958131000001,"floor":-2,"in_out":3,"link1_id":"0b8b5a4d180c42ad9fa7006bd17f7a9d","link2_id":"e9a119f724e44645899a1b1bc14ace69","link3_id":" ","link4_id":" ","link5_id":" ","link6_id":" ","link7_id":" ","link8_id":" "}},{"type":"Feature","id":96,"geometry":{"type":"Point","coordinates":[139.69952610821261,35.687358665823275]},"properties":{"FID":96,"node_id":"e0f7da59a9c844c1a493c3df0cae7e3d","lat":35.687358670000002,"lon":139.69952610999999,"floor":-2,"in_out":3,"link1_id":"777346d9cc79413fa96537ed02c83cfa","link2_id":"e2f7391080b64a1da363a394498823f7","link3_id":" ","link4_id":" ","link5_id":" ","link6_id":" ","link7_id":" ","link8_id":" "}},{"type":"Feature","id":97,"geometry":{"type":"Point","coordinates":[139.69956367366677,35.687259255798303]},"properties":{"FID":97,"node_id":"c214778ed205421bac7040524dc63c2b","lat":35.687259259999998,"lon":139.69956367,"floor":-2,"in_out":3,"link1_id":"7828070374bd43f49ba5f22adfe3a06c","link2_id":"21c3d698b19844b39d3fe66c299697e6","link3_id":" ","link4_id":" ","link5_id":" ","link6_id":" ","link7_id":" ","link8_id":" "}},{"type":"Feature","id":98,"geometry":{"type":"Point","coordinates":[139.69963422631773,35.687080636638548]},"properties":{"FID":98,"node_id":"833fa92b58b94054920f7f96b5ffbf4e","lat":35.687080639999998,"lon":139.69963422999999,"floor":-2,"in_out":3,"link1_id":"edca218bfce5405cac0dbbb943136baf","link2_id":"88250072caf640e68a87487e2fc5cf14","link3_id":"0b8b5a4d180c42ad9fa7006bd17f7a9d","link4_id":" ","link5_id":" ","link6_id":" ","link7_id":" ","link8_id":" "}},{"type":"Feature","id":99,"geometry":{"type":"Point","coordinates":[139.6995788877918,35.687218081889888]},"properties":{"FID":99,"node_id":"a0726c9df7674e50a05552de9c2cad3f","lat":35.687218080000001,"lon":139.69957889,"floor":-2,"in_out":3,"link1_id":"21c3d698b19844b39d3fe66c299697e6","link2_id":"e6cdab49ff2140369dd6333155aef2e4","link3_id":" ","link4_id":" ","link5_id":" ","link6_id":" ","link7_id":" ","link8_id":" "}},{"type":"Feature","id":100,"geometry":{"type":"Point","coordinates":[139.69953430897746,35.687335209569461]},"properties":{"FID":100,"node_id":"8d2235e246774998b55cb3e242ecfd1e","lat":35.687335210000001,"lon":139.69953430999999,"floor":-2,"in_out":3,"link1_id":"e2f7391080b64a1da363a394498823f7","link2_id":"7828070374bd43f49ba5f22adfe3a06c","link3_id":" ","link4_id":" ","link5_id":" ","link6_id":" ","link7_id":" ","link8_id":" "}},{"type":"Feature","id":101,"geometry":{"type":"Point","coordinates":[139.6992598459463,35.688016309346125]},"properties":{"FID":101,"node_id":"339f393a7f76484088e4b7357c5ed3b1","lat":35.688016310000002,"lon":139.69925985,"floor":-2,"in_out":3,"link1_id":"450ed0019e754107b5a3acad64490214","link2_id":"5ac17812747b4ac08f6f3302efc8e7e2","link3_id":"6a521c0aa28e4c749bb8059144b8cc86","link4_id":" ","link5_id":" ","link6_id":" ","link7_id":" ","link8_id":" "}},{"type":"Feature","id":102,"geometry":{"type":"Point","coordinates":[139.69938365886418,35.68770487509471]},"properties":{"FID":102,"node_id":"cc72a4c123d240ab8abe66d677e29f39","lat":35.687704879999998,"lon":139.69938366,"floor":-2,"in_out":3,"link1_id":"5ac17812747b4ac08f6f3302efc8e7e2","link2_id":"d2c617a2273d458c8b7bc7187a0a4bd9","link3_id":" ","link4_id":" ","link5_id":" ","link6_id":" ","link7_id":" ","link8_id":" "}},{"type":"Feature","id":103,"geometry":{"type":"Point","coordinates":[139.69933564904201,35.687693076815407]},"properties":{"FID":103,"node_id":"d1c63eb3b4af463789879c8b679b9e24","lat":35.687693080000003,"lon":139.69933564999999,"floor":-2,"in_out":3,"link1_id":"d2c617a2273d458c8b7bc7187a0a4bd9","link2_id":"c6c75e4c35fc4e7d941c700dea2b3ed9","link3_id":"ebfc6d5235f94d8cb0626580982eb25f","link4_id":"85532b2dec574b1498dbc7e2b2b39409","link5_id":" ","link6_id":" ","link7_id":" ","link8_id":" "}},{"type":"Feature","id":104,"geometry":{"type":"Point","coordinates":[139.69936194697561,35.687622395403913]},"properties":{"FID":104,"node_id":"77906ceac7004591bc56a10a556fae79","lat":35.687622400000002,"lon":139.69936195,"floor":-2,"in_out":3,"link1_id":"af24f76aec9c47ee9d82a627e50fcc74","link2_id":"967e8b882ad14db2979c375ad229d32a","link3_id":" ","link4_id":" ","link5_id":" ","link6_id":" ","link7_id":" ","link8_id":" "}},{"type":"Feature","id":105,"geometry":{"type":"Point","coordinates":[139.69931159727435,35.687652111616636]},"properties":{"FID":105,"node_id":"0919a5249d6e4dc8b4899750baafa2b3","lat":35.687652110000002,"lon":139.69931159999999,"floor":-2,"in_out":3,"link1_id":"7c3c6af17f3a481183f183b36ba65291","link2_id":"45d9f015ee1e46f79bef7fa49bff6f9a","link3_id":" ","link4_id":" ","link5_id":" ","link6_id":" ","link7_id":" ","link8_id":" "}},{"type":"Feature","id":106,"geometry":{"type":"Point","coordinates":[139.6993101216805,35.68766568190307]},"properties":{"FID":106,"node_id":"daac8332929f40aa83f433b6c667e577","lat":35.687665680000002,"lon":139.69931012000001,"floor":-2,"in_out":3,"link1_id":"45d9f015ee1e46f79bef7fa49bff6f9a","link2_id":"69c34a0db9554308a7c2f690015b98d8","link3_id":" ","link4_id":" ","link5_id":" ","link6_id":" ","link7_id":" ","link8_id":" "}},{"type":"Feature","id":107,"geometry":{"type":"Point","coordinates":[139.69934300468546,35.687673579354083]},"properties":{"FID":107,"node_id":"2ca2e5022f854975a517802623b7f6bc","lat":35.687673580000002,"lon":139.699343,"floor":-2,"in_out":3,"link1_id":"69c34a0db9554308a7c2f690015b98d8","link2_id":"85532b2dec574b1498dbc7e2b2b39409","link3_id":"af24f76aec9c47ee9d82a627e50fcc74","link4_id":" ","link5_id":" ","link6_id":" ","link7_id":" ","link8_id":" "}},{"type":"Feature","id":108,"geometry":{"type":"Point","coordinates":[139.69925523268253,35.688038359831232]},"properties":{"FID":108,"node_id":"85cb82cf6f60468ea7cfeec72963e4b8","lat":35.68803836,"lon":139.69925523000001,"floor":-2,"in_out":3,"link1_id":"6a521c0aa28e4c749bb8059144b8cc86","link2_id":"27d3ed498cc9423683ee7f502c5d2460","link3_id":" ","link4_id":" ","link5_id":" ","link6_id":" ","link7_id":" ","link8_id":" "}},{"type":"Feature","id":109,"geometry":{"type":"Point","coordinates":[139.69946763878698,35.687530107216766]},"properties":{"FID":109,"node_id":"439c8890520a4c2ba8b95338a9991540","lat":35.687530109999997,"lon":139.69946763999999,"floor":-2,"in_out":3,"link1_id":"4ef31d18653846c08f47770c088a2a0f","link2_id":" ","link3_id":" ","link4_id":" ","link5_id":" ","link6_id":" ","link7_id":" ","link8_id":" "}},{"type":"Feature","id":110,"geometry":{"type":"Point","coordinates":[139.69936844428543,35.687605446961548]},"properties":{"FID":110,"node_id":"4b5ce9646e484f8485cee4bd66f187c7","lat":35.68760545,"lon":139.69936844,"floor":-2,"in_out":3,"link1_id":"967e8b882ad14db2979c375ad229d32a","link2_id":"afb6c22c083e418faddf9cd1422504ce","link3_id":" ","link4_id":" ","link5_id":" ","link6_id":" ","link7_id":" ","link8_id":" "}},{"type":"Feature","id":111,"geometry":{"type":"Point","coordinates":[139.69945777635158,35.687527724745181]},"properties":{"FID":111,"node_id":"65116b8e7eeb4f1ea31a3e17dfc6da06","lat":35.687527719999999,"lon":139.69945777999999,"floor":-2,"in_out":3,"link1_id":"e19e8974276540aca742c901b9b5591d","link2_id":"8e2ca70e3d574943840e3239482e88a7","link3_id":"4ef31d18653846c08f47770c088a2a0f","link4_id":" ","link5_id":" ","link6_id":" ","link7_id":" ","link8_id":" "}},{"type":"Feature","id":112,"geometry":{"type":"Point","coordinates":[139.69932075969592,35.687640347219016]},"properties":{"FID":112,"node_id":"b01c10c078bb49aea3e7972ee0810cbf","lat":35.687640350000002,"lon":139.69932076000001,"floor":-3,"in_out":3,"link1_id":"b24ebc3e1bde40309f70486e9c99c5fd","link2_id":"22a89e60fb294e1a9a94e601045fa837","link3_id":"1d19da0eafe945b7a430d6f27410d0dc","link4_id":" ","link5_id":" ","link6_id":" ","link7_id":" ","link8_id":" "}},{"type":"Feature","id":113,"geometry":{"type":"Point","coordinates":[139.69920326794843,35.688099405818967]},"properties":{"FID":113,"node_id":"eb838d55673249e5b9d96ee19c7fde4d","lat":35.68809941,"lon":139.69920327,"floor":-2.5,"in_out":3,"link1_id":"a622b94372e643d69f5f2f6c20d00186","link2_id":"b1899352851f46119f96ae2d5dbc5581","link3_id":" ","link4_id":" ","link5_id":" ","link6_id":" ","link7_id":" ","link8_id":" "}},{"type":"Feature","id":114,"geometry":{"type":"Point","coordinates":[139.69920650768879,35.688091328646372]},"properties":{"FID":114,"node_id":"3d154fc290ac43c992ec8de105c82997","lat":35.688091329999999,"lon":139.69920651000001,"floor":-2.5,"in_out":3,"link1_id":"b1899352851f46119f96ae2d5dbc5581","link2_id":"41b6ebb3ce0846719aa1c9985f9cd4d1","link3_id":" ","link4_id":" ","link5_id":" ","link6_id":" ","link7_id":" ","link8_id":" "}},{"type":"Feature","id":115,"geometry":{"type":"Point","coordinates":[139.69922637075274,35.688059150232441]},"properties":{"FID":115,"node_id":"3d7aa1de3d284ba69787c5876b5b245a","lat":35.688059150000001,"lon":139.69922636999999,"floor":-2,"in_out":3,"link1_id":"41b6ebb3ce0846719aa1c9985f9cd4d1","link2_id":"450ed0019e754107b5a3acad64490214","link3_id":" ","link4_id":" ","link5_id":" ","link6_id":" ","link7_id":" ","link8_id":" "}},{"type":"Feature","id":116,"geometry":{"type":"Point","coordinates":[139.69892524478675,35.688679902484267]},"properties":{"FID":116,"node_id":"3590dd563c9e4d0caefc418ff09a5091","lat":35.688679899999997,"lon":139.69892523999999,"floor":-3,"in_out":3,"link1_id":"0d5f13f0c24b4bbc943cb6f5e9ccdfcd","link2_id":"0e26a58679094197af2d7a30f8e8cda8","link3_id":"b6257523ee95485095e4dd265042145b","link4_id":"1eda7d2d625e4aba8841c3c8bcdc3774","link5_id":" ","link6_id":" ","link7_id":" ","link8_id":" "}},{"type":"Feature","id":117,"geometry":{"type":"Point","coordinates":[139.69890330224982,35.688730410584036]},"properties":{"FID":117,"node_id":"44e1d63903da4ed1b0cd382e48ec2006","lat":35.688730409999998,"lon":139.69890330000001,"floor":-3,"in_out":3,"link1_id":"0e26a58679094197af2d7a30f8e8cda8","link2_id":"04ccf67c99224f58b45068c818ddb2aa","link3_id":" ","link4_id":" ","link5_id":" ","link6_id":" ","link7_id":" ","link8_id":" "}},{"type":"Feature","id":118,"geometry":{"type":"Point","coordinates":[139.69888011379282,35.688748411185173]},"properties":{"FID":118,"node_id":"2a65aa4b9c994f8dbedade7140bbb152","lat":35.688748410000002,"lon":139.69888011,"floor":-3,"in_out":3,"link1_id":"b6257523ee95485095e4dd265042145b","link2_id":"4b7d94635d1b429da986ac22f37cf89d","link3_id":" ","link4_id":" ","link5_id":" ","link6_id":" ","link7_id":" ","link8_id":" "}},{"type":"Feature","id":119,"geometry":{"type":"Point","coordinates":[139.69886282326024,35.688746278160778]},"properties":{"FID":119,"node_id":"f3a6f04d22a34b87aa27dd6c7c1b362b","lat":35.688746279999997,"lon":139.69886281999999,"floor":-3,"in_out":3,"link1_id":"1eda7d2d625e4aba8841c3c8bcdc3774","link2_id":"fe73ae6ffa784eb294383dacb8a2a38d","link3_id":" ","link4_id":" ","link5_id":" ","link6_id":" ","link7_id":" ","link8_id":" "}},{"type":"Feature","id":120,"geometry":{"type":"Point","coordinates":[139.69894147534757,35.68853569781075]},"properties":{"FID":120,"node_id":"73e40407af7d4341b97011e3cb266818","lat":35.688535700000003,"lon":139.69894148,"floor":-3,"in_out":3,"link1_id":"b1a8bca5b2ac453bb9a24d76ac5be880","link2_id":"f8741dd7079b48afa727fc3774f54a63","link3_id":" ","link4_id":" ","link5_id":" ","link6_id":" ","link7_id":" ","link8_id":" "}},{"type":"Feature","id":121,"geometry":{"type":"Point","coordinates":[139.69856101508199,35.688443523848441]},"properties":{"FID":121,"node_id":"f845fd677b99421790d275f9fad65e1f","lat":35.68844352,"lon":139.69856102,"floor":-3,"in_out":3,"link1_id":"f8ba6573fa4f410fbbc687f44e378bed","link2_id":"20abd50c475145ac9d67de91ad211baa","link3_id":" ","link4_id":" ","link5_id":" ","link6_id":" ","link7_id":" ","link8_id":" "}},{"type":"Feature","id":122,"geometry":{"type":"Point","coordinates":[139.69874265804489,35.688512286157206]},"properties":{"FID":122,"node_id":"0133db5758ad493585959b7363cb4242","lat":35.688512289999998,"lon":139.69874265999999,"floor":-3,"in_out":3,"link1_id":"20abd50c475145ac9d67de91ad211baa","link2_id":"1dbe550068c14835ad39dcc321137afd","link3_id":" ","link4_id":" ","link5_id":" ","link6_id":" ","link7_id":" ","link8_id":" "}},{"type":"Feature","id":123,"geometry":{"type":"Point","coordinates":[139.69878314461761,35.688442829481453]},"properties":{"FID":123,"node_id":"453ea111f1524cef8f3ac139bbf2e26b","lat":35.68844283,"lon":139.69878313999999,"floor":-3,"in_out":3,"link1_id":"1dbe550068c14835ad39dcc321137afd","link2_id":"6d50f884e12d43979ed80980ea53b58b","link3_id":"525935a8223f47698df67818a2af4362","link4_id":"1075213aa60b4d9fa79c5cb0b29b1b5a","link5_id":"a4ed9fc953984c52a914f0cbe73cd318","link6_id":" ","link7_id":" ","link8_id":" "}},{"type":"Feature","id":124,"geometry":{"type":"Point","coordinates":[139.6993056651834,35.687657442926195]},"properties":{"FID":124,"node_id":"d7f1fbb63a034335aaa1c5b49955dfda","lat":35.687657440000002,"lon":139.69930567,"floor":-3,"in_out":3,"link1_id":"b8baaf8f89744e35a9e307f337f8e476","link2_id":"94453b6d55ba4ff4af92d0665a0375fa","link3_id":" ","link4_id":" ","link5_id":" ","link6_id":" ","link7_id":" ","link8_id":" "}},{"type":"Feature","id":125,"geometry":{"type":"Point","coordinates":[139.69920141696636,35.687938558784374]},"properties":{"FID":125,"node_id":"ed5984f877684952a829e8b86f444480","lat":35.687938559999999,"lon":139.69920142000001,"floor":-3,"in_out":3,"link1_id":"94453b6d55ba4ff4af92d0665a0375fa","link2_id":"fe47ddc531474c1aa0cd814f33680ecc","link3_id":"231172d85a5145a2b504d5923dc097b3","link4_id":" ","link5_id":" ","link6_id":" ","link7_id":" ","link8_id":" "}},{"type":"Feature","id":126,"geometry":{"type":"Point","coordinates":[139.69916645136985,35.688031509660107]},"properties":{"FID":126,"node_id":"35c6aaf85f4e482f9c0677726b8ba857","lat":35.688031510000002,"lon":139.69916645000001,"floor":-3,"in_out":3,"link1_id":"098ff25f8d24447bbbe64ce554499b63","link2_id":"4600d5cb18f740f48db0dfe8a2d8bcf6","link3_id":" ","link4_id":" ","link5_id":" ","link6_id":" ","link7_id":" ","link8_id":" "}},{"type":"Feature","id":127,"geometry":{"type":"Point","coordinates":[139.69913764488811,35.688024458584934]},"properties":{"FID":127,"node_id":"9c0318aac3a04236998dfe2cc6760863","lat":35.688024460000001,"lon":139.69913764,"floor":-3,"in_out":3,"link1_id":"4600d5cb18f740f48db0dfe8a2d8bcf6","link2_id":"9ede1f406388447387b28bf532e751c8","link3_id":" ","link4_id":" ","link5_id":" ","link6_id":" ","link7_id":" ","link8_id":" "}},{"type":"Feature","id":128,"geometry":{"type":"Point","coordinates":[139.69899087731028,35.688411358488821]},"properties":{"FID":128,"node_id":"6bd46cd107a4491bba3469e8f51f9900","lat":35.688411360000003,"lon":139.69899088,"floor":-3,"in_out":3,"link1_id":"3528b484d2fd44689e28f1bc3b89348d","link2_id":"55ef6f47ff854c04b6c1a8800ad16e12","link3_id":"291d449b63224d49ae45000c2c16b7ca","link4_id":" ","link5_id":" ","link6_id":" ","link7_id":" ","link8_id":" "}},{"type":"Feature","id":129,"geometry":{"type":"Point","coordinates":[139.69866902676011,35.688424304022604]},"properties":{"FID":129,"node_id":"a66c7538311344b3805d2f07634c5d8b","lat":35.688424300000001,"lon":139.69866902999999,"floor":-3,"in_out":3,"link1_id":"b357b136673e4d38bd02704d67356a39","link2_id":"7628a98a51a543b0a6a2a1bc8f5328e0","link3_id":" ","link4_id":" ","link5_id":" ","link6_id":" ","link7_id":" ","link8_id":" "}},{"type":"Feature","id":130,"geometry":{"type":"Point","coordinates":[139.69867489779151,35.688410001341801]},"properties":{"FID":130,"node_id":"cf58cd0745f241e885963a93bdf3615e","lat":35.688409999999998,"lon":139.69867489999999,"floor":-3,"in_out":3,"link1_id":"9783c0f67a97486293d9daca288b443d","link2_id":"abdb4369e9ba4070b7a2693b71bdaae9","link3_id":" ","link4_id":" ","link5_id":" ","link6_id":" ","link7_id":" ","link8_id":" "}},{"type":"Feature","id":131,"geometry":{"type":"Point","coordinates":[139.69858146806527,35.688407002501798]},"properties":{"FID":131,"node_id":"623ac70c9d014b48b7cb694f87a5cee9","lat":35.688406999999998,"lon":139.69858146999999,"floor":-3,"in_out":3,"link1_id":"f8ba6573fa4f410fbbc687f44e378bed","link2_id":"b357b136673e4d38bd02704d67356a39","link3_id":"9783c0f67a97486293d9daca288b443d","link4_id":"83c8b4c2ac05406ebd345fb9aee2dfca","link5_id":" ","link6_id":" ","link7_id":" ","link8_id":" "}},{"type":"Feature","id":132,"geometry":{"type":"Point","coordinates":[139.69911478379376,35.68821193248143]},"properties":{"FID":132,"node_id":"739b48540e42449d80464e2590de95b4","lat":35.688211930000001,"lon":139.69911478,"floor":-3,"in_out":3,"link1_id":"008b0f9c620c47d7b99a1dbe04b40ff8","link2_id":"d4bdd351c95f4b2eaca81535c64dd313","link3_id":"23c68a24d8164fbba3037a5e6bfb15b0","link4_id":"88b92b941bd64af9969ef78ea87ca658","link5_id":"04881586eea54d7f92cd7ab0076a6004","link6_id":" ","link7_id":" ","link8_id":" "}},{"type":"Feature","id":133,"geometry":{"type":"Point","coordinates":[139.69916809459505,35.6882253321807]},"properties":{"FID":133,"node_id":"2cb40a245e2143f7a86420ff8c5cf839","lat":35.688225330000002,"lon":139.69916809,"floor":-3,"in_out":3,"link1_id":"ea22edcd936a47c89a71497c0dff8947","link2_id":"c557657e9be3447d8505167662ee32eb","link3_id":"04881586eea54d7f92cd7ab0076a6004","link4_id":"d0b6a1b41204436cacc8cc0edae20d68","link5_id":" ","link6_id":" ","link7_id":" ","link8_id":" "}},{"type":"Feature","id":134,"geometry":{"type":"Point","coordinates":[139.69908553781679,35.688450008466553]},"properties":{"FID":134,"node_id":"0d95b1d694214f709b5b8b671621a7e8","lat":35.688450009999997,"lon":139.69908554,"floor":-3,"in_out":3,"link1_id":"d0b6a1b41204436cacc8cc0edae20d68","link2_id":"fa3066692a224556a5b6e9d6ecb66ff9","link3_id":"4f61586f0f894f239bd77ddf458d5f16","link4_id":" ","link5_id":" ","link6_id":" ","link7_id":" ","link8_id":" "}},{"type":"Feature","id":135,"geometry":{"type":"Point","coordinates":[139.69903208915633,35.688418581178247]},"properties":{"FID":135,"node_id":"c2d390021c29442f86dda359e503febd","lat":35.688418579999997,"lon":139.69903209,"floor":-3,"in_out":3,"link1_id":"291d449b63224d49ae45000c2c16b7ca","link2_id":"790fc4f596c547169d3888cd1d709b21","link3_id":"9609e8988c7f4ca8a2842bbc882d036e","link4_id":"949ab3e3360b4a13bd7eecfc5cc48f6f","link5_id":"fa3066692a224556a5b6e9d6ecb66ff9","link6_id":" ","link7_id":" ","link8_id":" "}},{"type":"Feature","id":136,"geometry":{"type":"Point","coordinates":[139.69904865565377,35.68849900005479]},"properties":{"FID":136,"node_id":"5a5476fd840f46d8adef34d302f7e4ae","lat":35.688499,"lon":139.69904865999999,"floor":-3,"in_out":3,"link1_id":"4f61586f0f894f239bd77ddf458d5f16","link2_id":"f7671c07bc8d4f059fafa42d307f6873","link3_id":" ","link4_id":" ","link5_id":" ","link6_id":" ","link7_id":" ","link8_id":" "}},{"type":"Feature","id":137,"geometry":{"type":"Point","coordinates":[139.69902419255891,35.688562967326632]},"properties":{"FID":137,"node_id":"f0c6fcd2df794a95b57d1bfed39bd532","lat":35.68856297,"lon":139.69902418999999,"floor":-3,"in_out":3,"link1_id":"f7671c07bc8d4f059fafa42d307f6873","link2_id":"f8741dd7079b48afa727fc3774f54a63","link3_id":" ","link4_id":" ","link5_id":" ","link6_id":" ","link7_id":" ","link8_id":" "}},{"type":"Feature","id":138,"geometry":{"type":"Point","coordinates":[139.69904727737651,35.688369426586974]},"properties":{"FID":138,"node_id":"9c7256cd531a4154abd7353ace7797be","lat":35.688369430000002,"lon":139.69904728,"floor":-3,"in_out":3,"link1_id":"790fc4f596c547169d3888cd1d709b21","link2_id":"ac906cd95e89401b9b11858e02f20895","link3_id":" ","link4_id":" ","link5_id":" ","link6_id":" ","link7_id":" ","link8_id":" "}},{"type":"Feature","id":139,"geometry":{"type":"Point","coordinates":[139.69906244812947,35.688372880431835]},"properties":{"FID":139,"node_id":"c99810e72aa449b284a4d630880a7aa9","lat":35.688372880000003,"lon":139.69906245000001,"floor":-3,"in_out":3,"link1_id":"9609e8988c7f4ca8a2842bbc882d036e","link2_id":"2768d162a2d648cf9df2fc76ca89257f","link3_id":" ","link4_id":" ","link5_id":" ","link6_id":" ","link7_id":" ","link8_id":" "}},{"type":"Feature","id":140,"geometry":{"type":"Point","coordinates":[139.69907780553751,35.688376375945957]},"properties":{"FID":140,"node_id":"2e077fee47704b5292d1f56de9e5615b","lat":35.688376380000001,"lon":139.69907781000001,"floor":-3,"in_out":3,"link1_id":"949ab3e3360b4a13bd7eecfc5cc48f6f","link2_id":"fc787100b15241da8b07d38622acbfd7","link3_id":" ","link4_id":" ","link5_id":" ","link6_id":" ","link7_id":" ","link8_id":" "}},{"type":"Feature","id":141,"geometry":{"type":"Point","coordinates":[139.69912309458277,35.688151938447866]},"properties":{"FID":141,"node_id":"bbf1fb4053bf4348adbfffc3370ccbee","lat":35.688151939999997,"lon":139.69912309,"floor":-3,"in_out":3,"link1_id":"d4bdd351c95f4b2eaca81535c64dd313","link2_id":"4fc06b0d45184e66aaa3bb1ea9ddcd62","link3_id":" ","link4_id":" ","link5_id":" ","link6_id":" ","link7_id":" ","link8_id":" "}},{"type":"Feature","id":142,"geometry":{"type":"Point","coordinates":[139.69913889320864,35.68815584637224]},"properties":{"FID":142,"node_id":"19973a6cadb8482eb342b0e2c5099d71","lat":35.688155850000001,"lon":139.69913889,"floor":-3,"in_out":3,"link1_id":"23c68a24d8164fbba3037a5e6bfb15b0","link2_id":"06a78a8f616c4a75a7b4eece6a295c4c","link3_id":" ","link4_id":" ","link5_id":" ","link6_id":" ","link7_id":" ","link8_id":" "}},{"type":"Feature","id":143,"geometry":{"type":"Point","coordinates":[139.69915574876043,35.688160015067098]},"properties":{"FID":143,"node_id":"7143b8b77725447a92516b14f02472cb","lat":35.688160019999998,"lon":139.69915574999999,"floor":-3,"in_out":3,"link1_id":"88b92b941bd64af9969ef78ea87ca658","link2_id":"d1463e426fa54a42876cc397b8a1d71d","link3_id":" ","link4_id":" ","link5_id":" ","link6_id":" ","link7_id":" ","link8_id":" "}},{"type":"Feature","id":144,"geometry":{"type":"Point","coordinates":[139.69920189775664,35.688031516708833]},"properties":{"FID":144,"node_id":"1dda661f6f1d40d792e91d56894ef902","lat":35.688031520000003,"lon":139.69920189999999,"floor":-3,"in_out":3,"link1_id":"95ca788ef5854e8ea979323ece21e54e","link2_id":" ","link3_id":" ","link4_id":" ","link5_id":" ","link6_id":" ","link7_id":" ","link8_id":" "}},{"type":"Feature","id":145,"geometry":{"type":"Point","coordinates":[139.69848980781927,35.688524463748628]},"properties":{"FID":145,"node_id":"d021be8eb54e471f9b421f898f3e895a","lat":35.688524459999996,"lon":139.69848981000001,"floor":-3,"in_out":3,"link1_id":"150b75cb92f7438f8213576efefc1e1a","link2_id":"08aeba6f34cb47fba209a10d3dfe22e1","link3_id":" ","link4_id":" ","link5_id":" ","link6_id":" ","link7_id":" ","link8_id":" "}},{"type":"Feature","id":146,"geometry":{"type":"Point","coordinates":[139.69847743075394,35.688547588050774]},"properties":{"FID":146,"node_id":"9b4061b6b0934d25902e8fe0fbc00a9b","lat":35.688547589999999,"lon":139.69847743,"floor":-3,"in_out":3,"link1_id":"08aeba6f34cb47fba209a10d3dfe22e1","link2_id":"3ded7f6578d74a839bf30d765fadc692","link3_id":" ","link4_id":" ","link5_id":" ","link6_id":" ","link7_id":" ","link8_id":" "}},{"type":"Feature","id":147,"geometry":{"type":"Point","coordinates":[139.6984295400068,35.688539656421753]},"properties":{"FID":147,"node_id":"ddd8b253eebd4e6f96d83a565492a91a","lat":35.688539660000004,"lon":139.69842954000001,"floor":-2.5,"in_out":3,"link1_id":"3ded7f6578d74a839bf30d765fadc692","link2_id":"23febef47c1a493ebf68f649dc97da93","link3_id":" ","link4_id":" ","link5_id":" ","link6_id":" ","link7_id":" ","link8_id":" "}},{"type":"Feature","id":148,"geometry":{"type":"Point","coordinates":[139.69920863617207,35.687986080745553]},"properties":{"FID":148,"node_id":"b019a547edae4fa58d5122e950dbae14","lat":35.687986080000002,"lon":139.69920863999999,"floor":-3,"in_out":3,"link1_id":"e4561908aad344cb83b5716b92b213d5","link2_id":" ","link3_id":" ","link4_id":" ","link5_id":" ","link6_id":" ","link7_id":" ","link8_id":" "}},{"type":"Feature","id":149,"geometry":{"type":"Point","coordinates":[139.69923062439196,35.687945008175788]},"properties":{"FID":149,"node_id":"3c5c2ccdd1014dbcba9f287702b24823","lat":35.68794501,"lon":139.69923062000001,"floor":-3,"in_out":3,"link1_id":"fe47ddc531474c1aa0cd814f33680ecc","link2_id":" ","link3_id":" ","link4_id":" ","link5_id":" ","link6_id":" ","link7_id":" ","link8_id":" "}},{"type":"Feature","id":150,"geometry":{"type":"Point","coordinates":[139.69880578874159,35.688404168890457]},"properties":{"FID":150,"node_id":"180ce956ffb7470b9cc42ec7e75255d4","lat":35.688404169999998,"lon":139.69880578999999,"floor":-3,"in_out":3,"link1_id":"a4ed9fc953984c52a914f0cbe73cd318","link2_id":"55ef6f47ff854c04b6c1a8800ad16e12","link3_id":" ","link4_id":" ","link5_id":" ","link6_id":" ","link7_id":" ","link8_id":" "}},{"type":"Feature","id":151,"geometry":{"type":"Point","coordinates":[139.69916973362291,35.688023777760513]},"properties":{"FID":151,"node_id":"e23d3316968c4988889c424fd9d42f90","lat":35.688023780000002,"lon":139.69916972999999,"floor":-3,"in_out":3,"link1_id":"8d2dea0d09e342bdacac639ca1204589","link2_id":"098ff25f8d24447bbbe64ce554499b63","link3_id":"95ca788ef5854e8ea979323ece21e54e","link4_id":" ","link5_id":" ","link6_id":" ","link7_id":" ","link8_id":" "}},{"type":"Feature","id":152,"geometry":{"type":"Point","coordinates":[139.69918594707443,35.687980518349441]},"properties":{"FID":152,"node_id":"fc049e5aa38c4e61bcb8832412cedf72","lat":35.687980520000004,"lon":139.69918594999999,"floor":-3,"in_out":3,"link1_id":"231172d85a5145a2b504d5923dc097b3","link2_id":"e4561908aad344cb83b5716b92b213d5","link3_id":"8d2dea0d09e342bdacac639ca1204589","link4_id":" ","link5_id":" ","link6_id":" ","link7_id":" ","link8_id":" "}},{"type":"Feature","id":153,"geometry":{"type":"Point","coordinates":[139.69917654795768,35.688035291342594]},"properties":{"FID":153,"node_id":"e31954cbec9e4b1cac647326d5bcb4e4","lat":35.688035290000002,"lon":139.69917655,"floor":-6,"in_out":3,"link1_id":"451d2ec8f7c84ec5ba9d95591af20721","link2_id":"4fcb23c2d1fc4ddfb267916a3190dc00","link3_id":"8727ddd707e84ac2a9f5064efa5180a1","link4_id":"3ddb796e56a74ec0af220aab5cebdcf0","link5_id":"7eca12c671a74a5394d9ecf828e84bbd","link6_id":" ","link7_id":" ","link8_id":" "}},{"type":"Feature","id":154,"geometry":{"type":"Point","coordinates":[139.69923634435366,35.687844623558327]},"properties":{"FID":154,"node_id":"84d876327b174d6886463d1ed41c7ec2","lat":35.68784462,"lon":139.69923634,"floor":-6,"in_out":3,"link1_id":"4fc06b0d45184e66aaa3bb1ea9ddcd62","link2_id":"528da734dea34c2c98f7444f44d2578a","link3_id":" ","link4_id":" ","link5_id":" ","link6_id":" ","link7_id":" ","link8_id":" "}},{"type":"Feature","id":155,"geometry":{"type":"Point","coordinates":[139.6991562275299,35.68806149225415]},"properties":{"FID":155,"node_id":"aa29caed939f47449d2b76b11043109b","lat":35.688061490000003,"lon":139.69915623,"floor":-6,"in_out":3,"link1_id":"ac906cd95e89401b9b11858e02f20895","link2_id":"4fcb23c2d1fc4ddfb267916a3190dc00","link3_id":" ","link4_id":" ","link5_id":" ","link6_id":" ","link7_id":" ","link8_id":" "}},{"type":"Feature","id":156,"geometry":{"type":"Point","coordinates":[139.6993257671727,35.687641527278252]},"properties":{"FID":156,"node_id":"89a671891c7f4861b2377d34636c3c78","lat":35.687641530000001,"lon":139.69932577,"floor":-6,"in_out":3,"link1_id":"1d19da0eafe945b7a430d6f27410d0dc","link2_id":"84d843ac977448498e5613d39a495dca","link3_id":" ","link4_id":" ","link5_id":" ","link6_id":" ","link7_id":" ","link8_id":" "}},{"type":"Feature","id":157,"geometry":{"type":"Point","coordinates":[139.69888356005416,35.688844455996311]},"properties":{"FID":157,"node_id":"d3780714b8fc4fa3ad1ef2d738af3181","lat":35.688844459999999,"lon":139.69888356000001,"floor":-4.5,"in_out":3,"link1_id":"00d5f84e527346539707aaa1ad2af4d8","link2_id":"8c9cd5f98dd34da899b75d44d2117137","link3_id":" ","link4_id":" ","link5_id":" ","link6_id":" ","link7_id":" ","link8_id":" "}},{"type":"Feature","id":158,"geometry":{"type":"Point","coordinates":[139.69889481901586,35.688779125562313]},"properties":{"FID":158,"node_id":"5ff2a0f6200c4e9d92376d8079eacb07","lat":35.68877913,"lon":139.69889481999999,"floor":-4.5,"in_out":3,"link1_id":"8e82475f10c3408d9d20fd2cf8420d79","link2_id":"04ccf67c99224f58b45068c818ddb2aa","link3_id":" ","link4_id":" ","link5_id":" ","link6_id":" ","link7_id":" ","link8_id":" "}},{"type":"Feature","id":159,"geometry":{"type":"Point","coordinates":[139.69889252259085,35.688792584957248]},"properties":{"FID":159,"node_id":"90cda5a017344c54844714afc623294f","lat":35.688792579999998,"lon":139.69889251999999,"floor":-4.5,"in_out":3,"link1_id":"8c9cd5f98dd34da899b75d44d2117137","link2_id":"8e82475f10c3408d9d20fd2cf8420d79","link3_id":" ","link4_id":" ","link5_id":" ","link6_id":" ","link7_id":" ","link8_id":" "}},{"type":"Feature","id":160,"geometry":{"type":"Point","coordinates":[139.69887888318573,35.68887139812712]},"properties":{"FID":160,"node_id":"2a51d7687895459a8b868f81567f150c","lat":35.688871399999996,"lon":139.69887888,"floor":-4.5,"in_out":3,"link1_id":"3fab37b8029f4984821e799c65f4a4cc","link2_id":"00d5f84e527346539707aaa1ad2af4d8","link3_id":" ","link4_id":" ","link5_id":" ","link6_id":" ","link7_id":" ","link8_id":" "}},{"type":"Feature","id":161,"geometry":{"type":"Point","coordinates":[139.69891617269658,35.688529048098523]},"properties":{"FID":161,"node_id":"ff7b087e74044c2c987803d8ed376bf2","lat":35.68852905,"lon":139.69891616999999,"floor":-3,"in_out":3,"link1_id":"b1a8bca5b2ac453bb9a24d76ac5be880","link2_id":"a61958a4e2e54d22ba88b7a521cc65cc","link3_id":" ","link4_id":" ","link5_id":" ","link6_id":" ","link7_id":" ","link8_id":" "}},{"type":"Feature","id":162,"geometry":{"type":"Point","coordinates":[139.69884049566065,35.688975795172539]},"properties":{"FID":162,"node_id":"c95ebb48d18648939d3b9ac22557edb8","lat":35.688975800000001,"lon":139.69884049999999,"floor":-4.5,"in_out":3,"link1_id":"4b7d94635d1b429da986ac22f37cf89d","link2_id":"3068dc048a0d4749836d62ea6dbf662f","link3_id":" ","link4_id":" ","link5_id":" ","link6_id":" ","link7_id":" ","link8_id":" "}},{"type":"Feature","id":163,"geometry":{"type":"Point","coordinates":[139.69892462550504,35.688985177747057]},"properties":{"FID":163,"node_id":"f2c92335e3aa4e3d87f0022d46072aeb","lat":35.688985180000003,"lon":139.69892462999999,"floor":-4.5,"in_out":3,"link1_id":"5318bc8ef4b3442cbdc4014d05a73d4d","link2_id":"296f6709397b47faa8cbf2c36135a619","link3_id":" ","link4_id":" ","link5_id":" ","link6_id":" ","link7_id":" ","link8_id":" "}},{"type":"Feature","id":164,"geometry":{"type":"Point","coordinates":[139.69887745942509,35.689000846771371]},"properties":{"FID":164,"node_id":"e60d355377d54a29bc676922c34cc97e","lat":35.689000849999999,"lon":139.69887746000001,"floor":-4.5,"in_out":3,"link1_id":"262cad2d8c604f26a5d596a5e1362164","link2_id":"ab1a9c25f7ea486fa92059a5650716d9","link3_id":"5318bc8ef4b3442cbdc4014d05a73d4d","link4_id":"7cc877dff4634cdab16ee246c20e5a78","link5_id":" ","link6_id":" ","link7_id":" ","link8_id":" "}},{"type":"Feature","id":165,"geometry":{"type":"Point","coordinates":[139.69886323703869,35.688999076820309]},"properties":{"FID":165,"node_id":"f5a969b01cca4f4b8c2d23c51b30c786","lat":35.688999080000002,"lon":139.69886324000001,"floor":-4.5,"in_out":3,"link1_id":"7cc877dff4634cdab16ee246c20e5a78","link2_id":"1d26cbca429c48d3b4f5d6e3ce38bc62","link3_id":"3068dc048a0d4749836d62ea6dbf662f","link4_id":"9836785d033e48e7a893eb655dba7e63","link5_id":" ","link6_id":" ","link7_id":" ","link8_id":" "}},{"type":"Feature","id":166,"geometry":{"type":"Point","coordinates":[139.69886169721175,35.688973834941351]},"properties":{"FID":166,"node_id":"60115857107f4d04a759238f6aa9d04c","lat":35.688973830000002,"lon":139.69886170000001,"floor":-4.5,"in_out":3,"link1_id":"1d26cbca429c48d3b4f5d6e3ce38bc62","link2_id":"c7ebf974059b4766b67a8135e8724a34","link3_id":" ","link4_id":" ","link5_id":" ","link6_id":" ","link7_id":" ","link8_id":" "}},{"type":"Feature","id":167,"geometry":{"type":"Point","coordinates":[139.69882479967725,35.688973840592567]},"properties":{"FID":167,"node_id":"8d184e38964c41f19c10fca64c10ef15","lat":35.688973840000003,"lon":139.69882480000001,"floor":-4.5,"in_out":3,"link1_id":"9836785d033e48e7a893eb655dba7e63","link2_id":"fe73ae6ffa784eb294383dacb8a2a38d","link3_id":" ","link4_id":" ","link5_id":" ","link6_id":" ","link7_id":" ","link8_id":" "}},{"type":"Feature","id":168,"geometry":{"type":"Point","coordinates":[139.69888922706468,35.688976099283444]},"properties":{"FID":168,"node_id":"e47b94564c8f4ef19a9e472166eebb5b","lat":35.688976099999998,"lon":139.69888922999999,"floor":-4.5,"in_out":3,"link1_id":"bfeaebf7bf774b65882f3c707a701b04","link2_id":"ab1a9c25f7ea486fa92059a5650716d9","link3_id":" ","link4_id":" ","link5_id":" ","link6_id":" ","link7_id":" ","link8_id":" "}},{"type":"Feature","id":169,"geometry":{"type":"Point","coordinates":[139.69893384880154,35.688839104830926]},"properties":{"FID":169,"node_id":"07356d14b7574ee6bd9c8dc0bb42e45c","lat":35.688839100000003,"lon":139.69893385,"floor":-6,"in_out":3,"link1_id":"42a9f8829d984243af47ff8328e698f6","link2_id":"38ec9037473a4da3a391aeb9f3a1dc1f","link3_id":" ","link4_id":" ","link5_id":" ","link6_id":" ","link7_id":" ","link8_id":" "}},{"type":"Feature","id":170,"geometry":{"type":"Point","coordinates":[139.69890049005784,35.688911008619264]},"properties":{"FID":170,"node_id":"e8452db62b81427998b3ca134b4669c6","lat":35.688911009999998,"lon":139.69890049,"floor":-4.5,"in_out":3,"link1_id":"29aa09cc245547fcb66ace1ff6161943","link2_id":"631d1ee5a5374632aca8a266cf3506d3","link3_id":" ","link4_id":" ","link5_id":" ","link6_id":" ","link7_id":" ","link8_id":" "}},{"type":"Feature","id":171,"geometry":{"type":"Point","coordinates":[139.69891806369475,35.688811916313512]},"properties":{"FID":171,"node_id":"c9cf779c357f45f9b9288e611f250649","lat":35.688811919999999,"lon":139.69891806000001,"floor":-6,"in_out":3,"link1_id":"7445825ae72c4bdaae72b56734d1f025","link2_id":"b805823f430d4dd982ae5fee25a794a5","link3_id":"7f24dd1240ab447183f8bd7de37e4376","link4_id":"38ec9037473a4da3a391aeb9f3a1dc1f","link5_id":"283b708f0820472e856d012d0cfb9a71","link6_id":" ","link7_id":" ","link8_id":" "}},{"type":"Feature","id":172,"geometry":{"type":"Point","coordinates":[139.69908697060208,35.688442236649855]},"properties":{"FID":172,"node_id":"9fd6e2fbc9734002ade70913003457e4","lat":35.688442240000001,"lon":139.69908697,"floor":-6,"in_out":3,"link1_id":"f95ecd26b21f44ebb58ee9361ab08447","link2_id":"2a9dfef981964695a6cd3af5250fc397","link3_id":" ","link4_id":" ","link5_id":" ","link6_id":" ","link7_id":" ","link8_id":" "}},{"type":"Feature","id":173,"geometry":{"type":"Point","coordinates":[139.69922592766858,35.68804530649826]},"properties":{"FID":173,"node_id":"1306b877b5214694a80f1ab2da28bd9f","lat":35.68804531,"lon":139.69922593000001,"floor":-6,"in_out":3,"link1_id":"2a9dfef981964695a6cd3af5250fc397","link2_id":"9246c3e7e3444990addef7d01da96ba6","link3_id":"3ddb796e56a74ec0af220aab5cebdcf0","link4_id":" ","link5_id":" ","link6_id":" ","link7_id":" ","link8_id":" "}},{"type":"Feature","id":174,"geometry":{"type":"Point","coordinates":[139.69931911986231,35.6877950547482]},"properties":{"FID":174,"node_id":"d57334219f0e42629056db90c5e74f14","lat":35.687795049999998,"lon":139.69931912000001,"floor":-6,"in_out":3,"link1_id":"9246c3e7e3444990addef7d01da96ba6","link2_id":"bc28afb9b03e48d88271af8e653fcc27","link3_id":"ecc005881c4d48d59c5cf0fdd3e397f3","link4_id":" ","link5_id":" ","link6_id":" ","link7_id":" ","link8_id":" "}},{"type":"Feature","id":175,"geometry":{"type":"Point","coordinates":[139.69927689166556,35.687784631161179]},"properties":{"FID":175,"node_id":"69fae1e0466a4e20b6940224b3235c0c","lat":35.687784630000003,"lon":139.69927688999999,"floor":-6,"in_out":3,"link1_id":"bc28afb9b03e48d88271af8e653fcc27","link2_id":"fa82025117ba4de5987a6f30c94c3d72","link3_id":"528da734dea34c2c98f7444f44d2578a","link4_id":"1c6199deb01649a3bd8b35554a9aa1ea","link5_id":"d585da4aa4014e47b80b5eed4727f346","link6_id":" ","link7_id":" ","link8_id":" "}},{"type":"Feature","id":176,"geometry":{"type":"Point","coordinates":[139.69923146140493,35.687773652354103]},"properties":{"FID":176,"node_id":"eb687de37fc04aed8334e3eea60cfe7e","lat":35.687773649999997,"lon":139.69923145999999,"floor":-6,"in_out":3,"link1_id":"c87318b9a74d42a69c8f6265e161b5e7","link2_id":"a48b1969217f48d5b5e077da0ea647f5","link3_id":"24f09019a0794975ba0468890f614f25","link4_id":" ","link5_id":" ","link6_id":" ","link7_id":" ","link8_id":" "}},{"type":"Feature","id":177,"geometry":{"type":"Point","coordinates":[139.69914111334126,35.688027595613299]},"properties":{"FID":177,"node_id":"3c2d58645c62448b8e4c97f010d9ce32","lat":35.688027599999998,"lon":139.69914111,"floor":-6,"in_out":3,"link1_id":"a48b1969217f48d5b5e077da0ea647f5","link2_id":"7eca12c671a74a5394d9ecf828e84bbd","link3_id":"d339458026b04506b035f54a015698d0","link4_id":" ","link5_id":" ","link6_id":" ","link7_id":" ","link8_id":" "}},{"type":"Feature","id":178,"geometry":{"type":"Point","coordinates":[139.69899877071904,35.688428379753432]},"properties":{"FID":178,"node_id":"b4b728538e494b8e8f68b66eb1355825","lat":35.688428379999998,"lon":139.69899877,"floor":-6,"in_out":3,"link1_id":"d339458026b04506b035f54a015698d0","link2_id":"1de2193b2e384d16abd7af7f16a25850","link3_id":" ","link4_id":" ","link5_id":" ","link6_id":" ","link7_id":" ","link8_id":" "}},{"type":"Feature","id":179,"geometry":{"type":"Point","coordinates":[139.69889985765013,35.688787456241315]},"properties":{"FID":179,"node_id":"03c5f6f0ee0a4d259491fd38a43a7eb4","lat":35.68878746,"lon":139.69889986000001,"floor":-6,"in_out":3,"link1_id":"1de2193b2e384d16abd7af7f16a25850","link2_id":"248f20cfc7cd43da8e5997003ecc5f1c","link3_id":" ","link4_id":" ","link5_id":" ","link6_id":" ","link7_id":" ","link8_id":" "}},{"type":"Feature","id":180,"geometry":{"type":"Point","coordinates":[139.69890976465533,35.688789039292914]},"properties":{"FID":180,"node_id":"88cec20f23824b828abaf4cd89120ec0","lat":35.688789040000003,"lon":139.69890975999999,"floor":-6,"in_out":3,"link1_id":"248f20cfc7cd43da8e5997003ecc5f1c","link2_id":"a3ab4b83b1464e45a32f565b6ea58f38","link3_id":" ","link4_id":" ","link5_id":" ","link6_id":" ","link7_id":" ","link8_id":" "}},{"type":"Feature","id":181,"geometry":{"type":"Point","coordinates":[139.69890450022899,35.68880991995777]},"properties":{"FID":181,"node_id":"36d8b2ad8dab4605909bbcc2387268d5","lat":35.688809919999997,"lon":139.6989045,"floor":-6,"in_out":3,"link1_id":"a3ab4b83b1464e45a32f565b6ea58f38","link2_id":"b805823f430d4dd982ae5fee25a794a5","link3_id":" ","link4_id":" ","link5_id":" ","link6_id":" ","link7_id":" ","link8_id":" "}},{"type":"Feature","id":182,"geometry":{"type":"Point","coordinates":[139.69896769008756,35.688802915649042]},"properties":{"FID":182,"node_id":"96df6458bbe9468488b6a052dcb134a4","lat":35.688802920000001,"lon":139.69896768999999,"floor":-6,"in_out":3,"link1_id":"d1b95bd77a1544ed9d2036408893ac2f","link2_id":"160bb0f48e7a420dba216de3921c1225","link3_id":" ","link4_id":" ","link5_id":" ","link6_id":" ","link7_id":" ","link8_id":" "}},{"type":"Feature","id":183,"geometry":{"type":"Point","coordinates":[139.69896284441134,35.688819192586386]},"properties":{"FID":183,"node_id":"aa46c00fc8394714b53bbd7320a11697","lat":35.688819189999997,"lon":139.69896284000001,"floor":-6,"in_out":3,"link1_id":"160bb0f48e7a420dba216de3921c1225","link2_id":"7f24dd1240ab447183f8bd7de37e4376","link3_id":" ","link4_id":" ","link5_id":" ","link6_id":" ","link7_id":" ","link8_id":" "}},{"type":"Feature","id":184,"geometry":{"type":"Point","coordinates":[139.69930945767624,35.687655762487623]},"properties":{"FID":184,"node_id":"8f29b746665546c185aa037bdbf67e56","lat":35.687655759999998,"lon":139.69930945999999,"floor":-6,"in_out":3,"link1_id":"9a2aed29648b48c8ac5d3eb0cf04e91a","link2_id":"e304cf39e82a4ae899e3b44fa264866a","link3_id":" ","link4_id":" ","link5_id":" ","link6_id":" ","link7_id":" ","link8_id":" "}},{"type":"Feature","id":185,"geometry":{"type":"Point","coordinates":[139.6992633794957,35.687781130516214]},"properties":{"FID":185,"node_id":"7c2016a029274abcaf4fca5c52854861","lat":35.687781129999998,"lon":139.69926337999999,"floor":-6,"in_out":3,"link1_id":"e304cf39e82a4ae899e3b44fa264866a","link2_id":"d585da4aa4014e47b80b5eed4727f346","link3_id":"c87318b9a74d42a69c8f6265e161b5e7","link4_id":" ","link5_id":" ","link6_id":" ","link7_id":" ","link8_id":" "}},{"type":"Feature","id":186,"geometry":{"type":"Point","coordinates":[139.69936894052074,35.687660866450045]},"properties":{"FID":186,"node_id":"34a0e6a87fea4514aa32f942cb946c91","lat":35.687660870000002,"lon":139.69936894,"floor":-6,"in_out":3,"link1_id":"ecc005881c4d48d59c5cf0fdd3e397f3","link2_id":"132e3ece285f4951b2ec6edab5f3f568","link3_id":" ","link4_id":" ","link5_id":" ","link6_id":" ","link7_id":" ","link8_id":" "}},{"type":"Feature","id":187,"geometry":{"type":"Point","coordinates":[139.69934273913569,35.687661254625574]},"properties":{"FID":187,"node_id":"b0dfc9c74046405984e659330445e012","lat":35.687661249999998,"lon":139.69934273999999,"floor":-6,"in_out":3,"link1_id":"132e3ece285f4951b2ec6edab5f3f568","link2_id":"32305d72e8b14ab78695dc140612cd0e","link3_id":" ","link4_id":" ","link5_id":" ","link6_id":" ","link7_id":" ","link8_id":" "}},{"type":"Feature","id":188,"geometry":{"type":"Point","coordinates":[139.69928471121705,35.687639748236279]},"properties":{"FID":188,"node_id":"155d3564534e4132ad68c03430db0263","lat":35.687639750000002,"lon":139.69928471,"floor":-6,"in_out":3,"link1_id":"24f09019a0794975ba0468890f614f25","link2_id":"e81aeb99a04f46ed9fc39932034d0ce2","link3_id":" ","link4_id":" ","link5_id":" ","link6_id":" ","link7_id":" ","link8_id":" "}},{"type":"Feature","id":189,"geometry":{"type":"Point","coordinates":[139.69930371035935,35.687651029304575]},"properties":{"FID":189,"node_id":"b0ab36f11f1543709b2afb2819d6159c","lat":35.687651029999998,"lon":139.69930371000001,"floor":-6,"in_out":3,"link1_id":"e81aeb99a04f46ed9fc39932034d0ce2","link2_id":"178b0cb1e6bd47f08b8f338b1a98b4eb","link3_id":" ","link4_id":" ","link5_id":" ","link6_id":" ","link7_id":" ","link8_id":" "}},{"type":"Feature","id":190,"geometry":{"type":"Point","coordinates":[139.69932078262602,35.68765438247793]},"properties":{"FID":190,"node_id":"11796ad8a4a043d4b3945deee52b7397","lat":35.687654379999998,"lon":139.69932077999999,"floor":-6,"in_out":3,"link1_id":"178b0cb1e6bd47f08b8f338b1a98b4eb","link2_id":"9a2aed29648b48c8ac5d3eb0cf04e91a","link3_id":"84d843ac977448498e5613d39a495dca","link4_id":"32305d72e8b14ab78695dc140612cd0e","link5_id":" ","link6_id":" ","link7_id":" ","link8_id":" "}},{"type":"Feature","id":191,"geometry":{"type":"Point","coordinates":[139.69907163399947,35.68820147444476]},"properties":{"FID":191,"node_id":"4b17a943076344628d0b8ce9598e3c02","lat":35.688201470000003,"lon":139.69907162999999,"floor":-3,"in_out":3,"link1_id":"9ede1f406388447387b28bf532e751c8","link2_id":"3528b484d2fd44689e28f1bc3b89348d","link3_id":"008b0f9c620c47d7b99a1dbe04b40ff8","link4_id":" ","link5_id":" ","link6_id":" ","link7_id":" ","link8_id":" "}},{"type":"Feature","id":192,"geometry":{"type":"Point","coordinates":[139.69942560200002,35.686934335000046]},"properties":{"FID":192,"node_id":"e835e35a340f4bcb87e11a8ba9bf3864","lat":35.686934340000001,"lon":139.69942560000001,"floor":0,"in_out":1,"link1_id":"90c2b1beea064f349947f8a52fc74dd8","link2_id":" ","link3_id":" ","link4_id":" ","link5_id":" ","link6_id":" ","link7_id":" ","link8_id":" "}},{"type":"Feature","id":193,"geometry":{"type":"Point","coordinates":[139.69943148300001,35.686913832000073]},"properties":{"FID":193,"node_id":"e4cfe61e944e4f5e8ad8caeb6d521750","lat":35.686913830000002,"lon":139.69943147999999,"floor":0,"in_out":1,"link1_id":"fd4728062722420a97bd80c92a41b3b3","link2_id":" ","link3_id":" ","link4_id":" ","link5_id":" ","link6_id":" ","link7_id":" ","link8_id":" "}},{"type":"Feature","id":194,"geometry":{"type":"Point","coordinates":[139.69944100100008,35.687141274000055]},"properties":{"FID":194,"node_id":"6f508a29d637416b8765cccafa0260ad","lat":35.687141269999998,"lon":139.69944100000001,"floor":0,"in_out":1,"link1_id":"e65b70241dc5462c893ee0aacc3b935f","link2_id":" ","link3_id":" ","link4_id":" ","link5_id":" ","link6_id":" ","link7_id":" ","link8_id":" "}},{"type":"Feature","id":195,"geometry":{"type":"Point","coordinates":[139.69875816500007,35.688323408000031]},"properties":{"FID":195,"node_id":"4423521d79e54865b7c41e4aec29826d","lat":35.688323410000002,"lon":139.69875816999999,"floor":0,"in_out":1,"link1_id":"354be10839214a8098a0aa4b2b72c96b","link2_id":" ","link3_id":" ","link4_id":" ","link5_id":" ","link6_id":" ","link7_id":" ","link8_id":" "}},{"type":"Feature","id":196,"geometry":{"type":"Point","coordinates":[139.69932077138492,35.686860449344863]},"properties":{"FID":196,"node_id":"f413518925ab4459b6712eea80d7945d","lat":35.686860449999998,"lon":139.69932077000001,"floor":-1,"in_out":3,"link1_id":"4bee1c5e3544452db681f9aeccfe2346","link2_id":"7fa8c59c5c4a41f7a95adb73acc86103","link3_id":" ","link4_id":" ","link5_id":" ","link6_id":" ","link7_id":" ","link8_id":" "}},{"type":"Feature","id":197,"geometry":{"type":"Point","coordinates":[139.69893893180495,35.688541038292271]},"properties":{"FID":197,"node_id":"883ab89966b64bf9938cfd35a6f655c2","lat":35.688541039999997,"lon":139.69893893,"floor":-2,"in_out":3,"link1_id":"9c433d2721e14a1a966346c5aa09e00f","link2_id":"a2dfff5edce042b8b5c5d74ccfc107b0","link3_id":" ","link4_id":" ","link5_id":" ","link6_id":" ","link7_id":" ","link8_id":" "}},{"type":"Feature","id":198,"geometry":{"type":"Point","coordinates":[139.69918116885225,35.68858149063967]},"properties":{"FID":198,"node_id":"e4365ef27b14448eb770343c8a024f80","lat":35.688581489999997,"lon":139.69918117,"floor":-2,"in_out":3,"link1_id":"689a2738dac749db9bb63f59f4b0bb62","link2_id":"e1fa653048b94a5695777d1063b34417","link3_id":" ","link4_id":" ","link5_id":" ","link6_id":" ","link7_id":" ","link8_id":" "}},{"type":"Feature","id":199,"geometry":{"type":"Point","coordinates":[139.69889293863972,35.688916012704453]},"properties":{"FID":199,"node_id":"c01041e096fe4f6c8ed23520375ef2fd","lat":35.68891601,"lon":139.69889294000001,"floor":-2,"in_out":3,"link1_id":"ef8f83872c854175880bcd5df168109e","link2_id":" ","link3_id":" ","link4_id":" ","link5_id":" ","link6_id":" ","link7_id":" ","link8_id":" "}},{"type":"Feature","id":200,"geometry":{"type":"Point","coordinates":[139.69876871850997,35.688665707719011]},"properties":{"FID":200,"node_id":"ed8c26c582c64b57947cf5833f836e7a","lat":35.688665710000002,"lon":139.69876872,"floor":-2,"in_out":3,"link1_id":"7ecbc688a66e48b9b53e9fdacb081e10","link2_id":"d6b0f7a8422a4e2cb2ecc2fd2aedcc00","link3_id":"61081e327be94b0e9ccd4da188a43dfd","link4_id":" ","link5_id":" ","link6_id":" ","link7_id":" ","link8_id":" "}},{"type":"Feature","id":201,"geometry":{"type":"Point","coordinates":[139.69887396086915,35.688475751629582]},"properties":{"FID":201,"node_id":"5d2a3fac668d4a068a98e0b9e3aeaf5d","lat":35.688475750000002,"lon":139.69887395999999,"floor":-3,"in_out":3,"link1_id":"2692fe08625f4a3f92d69a1380a58ccd","link2_id":"525935a8223f47698df67818a2af4362","link3_id":" ","link4_id":" ","link5_id":" ","link6_id":" ","link7_id":" ","link8_id":" "}},{"type":"Feature","id":202,"geometry":{"type":"Point","coordinates":[139.6988807657944,35.688461924102455]},"properties":{"FID":202,"node_id":"3937327cfc784f05bb25008e6e551680","lat":35.688461920000002,"lon":139.69888076999999,"floor":-3,"in_out":3,"link1_id":"fd3365c80feb4bcab0437f74db5ad68d","link2_id":"1075213aa60b4d9fa79c5cb0b29b1b5a","link3_id":" ","link4_id":" ","link5_id":" ","link6_id":" ","link7_id":" ","link8_id":" "}},{"type":"Feature","id":203,"geometry":{"type":"Point","coordinates":[139.6993157977312,35.687639040117041]},"properties":{"FID":203,"node_id":"84ae033b5f6146ec9cc334da86d09612","lat":35.687639040000001,"lon":139.69931579999999,"floor":-2,"in_out":3,"link1_id":"7c3c6af17f3a481183f183b36ba65291","link2_id":"b24ebc3e1bde40309f70486e9c99c5fd","link3_id":" ","link4_id":" ","link5_id":" ","link6_id":" ","link7_id":" ","link8_id":" "}},{"type":"Feature","id":204,"geometry":{"type":"Point","coordinates":[139.69932793265923,35.687714884987535]},"properties":{"FID":204,"node_id":"a038802f480141c9881657496cfabf7d","lat":35.687714880000001,"lon":139.69932793000001,"floor":-2,"in_out":3,"link1_id":"c6c75e4c35fc4e7d941c700dea2b3ed9","link2_id":" ","link3_id":" ","link4_id":" ","link5_id":" ","link6_id":" ","link7_id":" ","link8_id":" "}},{"type":"Feature","id":205,"geometry":{"type":"Point","coordinates":[139.69930430725628,35.68768521442896]},"properties":{"FID":205,"node_id":"3c15d8b3c62b42e9bcd253a64e289f30","lat":35.687685209999998,"lon":139.69930431,"floor":-2,"in_out":3,"link1_id":"ebfc6d5235f94d8cb0626580982eb25f","link2_id":" ","link3_id":" ","link4_id":" ","link5_id":" ","link6_id":" ","link7_id":" ","link8_id":" "}},{"type":"Feature","id":206,"geometry":{"type":"Point","coordinates":[139.69919778421311,35.688135864632507]},"properties":{"FID":206,"node_id":"e26f39c2df0f4f3b82b9163d2230d4c8","lat":35.688135860000003,"lon":139.69919777999999,"floor":-3,"in_out":3,"link1_id":"a622b94372e643d69f5f2f6c20d00186","link2_id":"ea22edcd936a47c89a71497c0dff8947","link3_id":" ","link4_id":" ","link5_id":" ","link6_id":" ","link7_id":" ","link8_id":" "}},{"type":"Feature","id":207,"geometry":{"type":"Point","coordinates":[139.69921402866169,35.688149339283527]},"properties":{"FID":207,"node_id":"4e646d48b0b84c488e02df1db355e67d","lat":35.688149340000002,"lon":139.69921403000001,"floor":-3,"in_out":3,"link1_id":"27d3ed498cc9423683ee7f502c5d2460","link2_id":"c557657e9be3447d8505167662ee32eb","link3_id":" ","link4_id":" ","link5_id":" ","link6_id":" ","link7_id":" ","link8_id":" "}},{"type":"Feature","id":208,"geometry":{"type":"Point","coordinates":[139.69852784241635,35.688537382413806]},"properties":{"FID":208,"node_id":"e1552d159fe8419ea35ac5ac6b0ba419","lat":35.68853738,"lon":139.69852784,"floor":-3,"in_out":3,"link1_id":"0d5f13f0c24b4bbc943cb6f5e9ccdfcd","link2_id":"150b75cb92f7438f8213576efefc1e1a","link3_id":" ","link4_id":" ","link5_id":" ","link6_id":" ","link7_id":" ","link8_id":" "}},{"type":"Feature","id":209,"geometry":{"type":"Point","coordinates":[139.6993164794699,35.687652889525737]},"properties":{"FID":209,"node_id":"d87eb66184b047ddac47c33bd0b3a729","lat":35.687652890000003,"lon":139.69931647999999,"floor":-3,"in_out":3,"link1_id":"b8baaf8f89744e35a9e307f337f8e476","link2_id":"22a89e60fb294e1a9a94e601045fa837","link3_id":" ","link4_id":" ","link5_id":" ","link6_id":" ","link7_id":" ","link8_id":" "}},{"type":"Feature","id":210,"geometry":{"type":"Point","coordinates":[139.69917263358258,35.688065540563493]},"properties":{"FID":210,"node_id":"f05b059c1a26438aa642be9782e20e89","lat":35.688065539999997,"lon":139.69917262999999,"floor":-6,"in_out":3,"link1_id":"451d2ec8f7c84ec5ba9d95591af20721","link2_id":"2768d162a2d648cf9df2fc76ca89257f","link3_id":" ","link4_id":" ","link5_id":" ","link6_id":" ","link7_id":" ","link8_id":" "}},{"type":"Feature","id":211,"geometry":{"type":"Point","coordinates":[139.69925311592525,35.68784876240094]},"properties":{"FID":211,"node_id":"135be4ddd0814373a6a25ace63aa4f2d","lat":35.687848760000001,"lon":139.69925312000001,"floor":-6,"in_out":3,"link1_id":"06a78a8f616c4a75a7b4eece6a295c4c","link2_id":"fa82025117ba4de5987a6f30c94c3d72","link3_id":" ","link4_id":" ","link5_id":" ","link6_id":" ","link7_id":" ","link8_id":" "}},{"type":"Feature","id":212,"geometry":{"type":"Point","coordinates":[139.69926884018929,35.687852641699443]},"properties":{"FID":212,"node_id":"d671b342b4a04d8ba3842565c0d98fee","lat":35.687852640000003,"lon":139.69926884,"floor":-6,"in_out":3,"link1_id":"d1463e426fa54a42876cc397b8a1d71d","link2_id":"1c6199deb01649a3bd8b35554a9aa1ea","link3_id":" ","link4_id":" ","link5_id":" ","link6_id":" ","link7_id":" ","link8_id":" "}},{"type":"Feature","id":213,"geometry":{"type":"Point","coordinates":[139.69919057256178,35.688069967351325]},"properties":{"FID":213,"node_id":"3d7ad1029dd5418698dcd0f919dec05f","lat":35.688069970000001,"lon":139.69919057000001,"floor":-6,"in_out":3,"link1_id":"fc787100b15241da8b07d38622acbfd7","link2_id":"8727ddd707e84ac2a9f5064efa5180a1","link3_id":" ","link4_id":" ","link5_id":" ","link6_id":" ","link7_id":" ","link8_id":" "}},{"type":"Feature","id":214,"geometry":{"type":"Point","coordinates":[139.69890707929173,35.688982954306582]},"properties":{"FID":214,"node_id":"476c49ecbe47499aa0528818905bf0fe","lat":35.688982950000003,"lon":139.69890708,"floor":-4.5,"in_out":3,"link1_id":"262cad2d8c604f26a5d596a5e1362164","link2_id":"42a9f8829d984243af47ff8328e698f6","link3_id":" ","link4_id":" ","link5_id":" ","link6_id":" ","link7_id":" ","link8_id":" "}},{"type":"Feature","id":215,"geometry":{"type":"Point","coordinates":[139.69889815824959,35.688924482396388]},"properties":{"FID":215,"node_id":"80adbc15b3394f23b812570491a60548","lat":35.688924479999997,"lon":139.69889816,"floor":-4.5,"in_out":3,"link1_id":"bfeaebf7bf774b65882f3c707a701b04","link2_id":"29aa09cc245547fcb66ace1ff6161943","link3_id":" ","link4_id":" ","link5_id":" ","link6_id":" ","link7_id":" ","link8_id":" "}},{"type":"Feature","id":216,"geometry":{"type":"Point","coordinates":[139.69894822907855,35.688840922722527]},"properties":{"FID":216,"node_id":"0a3ba6a906d44dd3bbca38114670884c","lat":35.688840919999997,"lon":139.69894823000001,"floor":-6,"in_out":3,"link1_id":"296f6709397b47faa8cbf2c36135a619","link2_id":"283b708f0820472e856d012d0cfb9a71","link3_id":" ","link4_id":" ","link5_id":" ","link6_id":" ","link7_id":" ","link8_id":" "}},{"type":"Feature","id":217,"geometry":{"type":"Point","coordinates":[139.69890942125426,35.68885542480195]},"properties":{"FID":217,"node_id":"34dc769bdb5b49d083a211ff541f435d","lat":35.688855420000003,"lon":139.69890942000001,"floor":-6,"in_out":3,"link1_id":"631d1ee5a5374632aca8a266cf3506d3","link2_id":"7445825ae72c4bdaae72b56734d1f025","link3_id":" ","link4_id":" ","link5_id":" ","link6_id":" ","link7_id":" ","link8_id":" "}},{"type":"Feature","id":218,"geometry":{"type":"Point","coordinates":[139.69898034894339,35.688805400431967]},"properties":{"FID":218,"node_id":"a7191da7697541b68ffd81d7ef728f3c","lat":35.6888054,"lon":139.69898035,"floor":-6,"in_out":3,"link1_id":"f95ecd26b21f44ebb58ee9361ab08447","link2_id":"d1b95bd77a1544ed9d2036408893ac2f","link3_id":" ","link4_id":" ","link5_id":" ","link6_id":" ","link7_id":" ","link8_id":" "}},{"type":"Feature","id":219,"geometry":{"type":"Point","coordinates":[139.69940995618822,35.686902757951458]},"properties":{"FID":219,"node_id":"33910baaf1784dd69e2d98e23cb70f23","lat":35.686902760000002,"lon":139.69940996,"floor":0,"in_out":2,"link1_id":"4bee1c5e3544452db681f9aeccfe2346","link2_id":"90c2b1beea064f349947f8a52fc74dd8","link3_id":" ","link4_id":" ","link5_id":" ","link6_id":" ","link7_id":" ","link8_id":" "}},{"type":"Feature","id":220,"geometry":{"type":"Point","coordinates":[139.69942071245197,35.686887903617915]},"properties":{"FID":220,"node_id":"3af66366dc9f478ea4a6e509235a8799","lat":35.686887900000002,"lon":139.69942071,"floor":0,"in_out":2,"link1_id":"c3fe6342f158400ab602dd610f636329","link2_id":"fd4728062722420a97bd80c92a41b3b3","link3_id":" ","link4_id":" ","link5_id":" ","link6_id":" ","link7_id":" ","link8_id":" "}},{"type":"Feature","id":221,"geometry":{"type":"Point","coordinates":[139.69937139940885,35.687032055364661]},"properties":{"FID":221,"node_id":"e6feaa2cc7514b68be2758b956baeb28","lat":35.68703206,"lon":139.69937139999999,"floor":1,"in_out":2,"link1_id":"65edd7ca50844b609d4dcb25bd296936","link2_id":"e65b70241dc5462c893ee0aacc3b935f","link3_id":" ","link4_id":" ","link5_id":" ","link6_id":" ","link7_id":" ","link8_id":" "}},{"type":"Feature","id":222,"geometry":{"type":"Point","coordinates":[139.69877287264612,35.688319369407672]},"properties":{"FID":222,"node_id":"e075f8131444484fb8e33296d594c679","lat":35.688319370000002,"lon":139.69877287,"floor":0,"in_out":2,"link1_id":"0564105d1e914395848a2b09c12368c5","link2_id":"354be10839214a8098a0aa4b2b72c96b","link3_id":" ","link4_id":" ","link5_id":" ","link6_id":" ","link7_id":" ","link8_id":" "}},{"type":"Feature","id":223,"geometry":{"type":"Point","coordinates":[139.6988693993203,35.688927926638783]},"properties":{"FID":223,"node_id":"b658a6c48741425e91bff666699b9bf7","lat":35.688927929999998,"lon":139.69886940000001,"floor":-4.5,"in_out":3,"link1_id":"c7ebf974059b4766b67a8135e8724a34","link2_id":"1440a20b921248dbad699fe4a88f7aa3","link3_id":" ","link4_id":" ","link5_id":" ","link6_id":" ","link7_id":" ","link8_id":" "}},{"type":"Feature","id":224,"geometry":{"type":"Point","coordinates":[139.69887166422896,35.68891442667438]},"properties":{"FID":224,"node_id":"25e051fca75547c995b19cfd51384500","lat":35.688914429999997,"lon":139.69887166000001,"floor":-4.5,"in_out":3,"link1_id":"1440a20b921248dbad699fe4a88f7aa3","link2_id":"3fab37b8029f4984821e799c65f4a4cc","link3_id":" ","link4_id":" ","link5_id":" ","link6_id":" ","link7_id":" ","link8_id":" "}},{"type":"Feature","id":225,"geometry":{"type":"Point","coordinates":[139.69937672259329,35.686867119946541]},"properties":{"FID":225,"node_id":"d1ccc52ef25e474dac70020771b7ea76","lat":35.686867120000002,"lon":139.69937672,"floor":-1,"in_out":3,"link1_id":"c690df6cad7b48bba7b3b30fee65eda2","link2_id":"5ce3f318ea6947d293e646157109d628","link3_id":" ","link4_id":" ","link5_id":" ","link6_id":" ","link7_id":" ","link8_id":" "}},{"type":"Feature","id":226,"geometry":{"type":"Point","coordinates":[139.69939024459674,35.686873508623641]},"properties":{"FID":226,"node_id":"399c24bf916c45f197e22e812433aed9","lat":35.686873509999998,"lon":139.69939024000001,"floor":-1,"in_out":3,"link1_id":"5ce3f318ea6947d293e646157109d628","link2_id":"c3fe6342f158400ab602dd610f636329","link3_id":" ","link4_id":" ","link5_id":" ","link6_id":" ","link7_id":" ","link8_id":" "}},{"type":"Feature","id":227,"geometry":{"type":"Point","coordinates":[139.69934649020874,35.686910341174411]},"properties":{"FID":227,"node_id":"a5599a091242438da3a5ed85c8695a25","lat":35.686910339999997,"lon":139.69934649000001,"floor":-1,"in_out":3,"link1_id":"3582c9d0af4749ce8ddb04eba29d8b91","link2_id":"dcbc1a258ceb41b09ab50e417aabc8b4","link3_id":" ","link4_id":" ","link5_id":" ","link6_id":" ","link7_id":" ","link8_id":" "}},{"type":"Feature","id":228,"geometry":{"type":"Point","coordinates":[139.69936031391779,35.686916822975007]},"properties":{"FID":228,"node_id":"b9286042a013472ca7f6544a09dbbfac","lat":35.68691682,"lon":139.69936031,"floor":-1,"in_out":3,"link1_id":"bdcdf9229c9f49dc9bc02bec79c4a8fe","link2_id":"3582c9d0af4749ce8ddb04eba29d8b91","link3_id":" ","link4_id":" ","link5_id":" ","link6_id":" ","link7_id":" ","link8_id":" "}},{"type":"Feature","id":229,"geometry":{"type":"Point","coordinates":[139.69951999273036,35.68704646106336]},"properties":{"FID":229,"node_id":"9d826e12432244b687f4b37dbf26434c","lat":35.687046459999998,"lon":139.69951999,"floor":-1,"in_out":3,"link1_id":"e9a119f724e44645899a1b1bc14ace69","link2_id":"e75d2ff093724786a989e69ac046f261","link3_id":" ","link4_id":" ","link5_id":" ","link6_id":" ","link7_id":" ","link8_id":" "}},{"type":"Feature","id":230,"geometry":{"type":"Point","coordinates":[139.69950404005615,35.687042544980329]},"properties":{"FID":230,"node_id":"353fa507524d461b8beee216ca24d7e8","lat":35.68704254,"lon":139.69950403999999,"floor":-1,"in_out":3,"link1_id":"e75d2ff093724786a989e69ac046f261","link2_id":"85f51acf3bfe4da797fbdf82497ce706","link3_id":" ","link4_id":" ","link5_id":" ","link6_id":" ","link7_id":" ","link8_id":" "}},{"type":"Feature","id":231,"geometry":{"type":"Point","coordinates":[139.69875316785021,35.688786710642816]},"properties":{"FID":231,"node_id":"49924b2c3a1e4b6b8ebd802a6d137205","lat":35.688786710000002,"lon":139.69875317,"floor":-1,"in_out":3,"link1_id":"03bd24ff9bc0412b92016f57625f0ba5","link2_id":"5be07e75f57a407cb44d6191acbf261d","link3_id":" ","link4_id":" ","link5_id":" ","link6_id":" ","link7_id":" ","link8_id":" "}},{"type":"Feature","id":232,"geometry":{"type":"Point","coordinates":[139.69875186175426,35.688797506919656]},"properties":{"FID":232,"node_id":"f45d911412b041c0ba14c6d88be3d869","lat":35.688797510000001,"lon":139.69875185999999,"floor":-1,"in_out":3,"link1_id":"5be07e75f57a407cb44d6191acbf261d","link2_id":"cebac08a8d8b4de2a187fa543e1ccb5c","link3_id":" ","link4_id":" ","link5_id":" ","link6_id":" ","link7_id":" ","link8_id":" "}},{"type":"Feature","id":233,"geometry":{"type":"Point","coordinates":[139.6987464116101,35.688842558144401]},"properties":{"FID":233,"node_id":"ddbb3771769c4b1986a0a66250f3e948","lat":35.688842559999998,"lon":139.69874641000001,"floor":-1,"in_out":3,"link1_id":"cebac08a8d8b4de2a187fa543e1ccb5c","link2_id":"638f4f6f4c544479bd5dd7f42c5fb6c9","link3_id":" ","link4_id":" ","link5_id":" ","link6_id":" ","link7_id":" ","link8_id":" "}},{"type":"Feature","id":234,"geometry":{"type":"Point","coordinates":[139.69874477275704,35.688856104993967]},"properties":{"FID":234,"node_id":"e0268b18e584463ab147ecfd3602b386","lat":35.688856100000002,"lon":139.69874476999999,"floor":-1,"in_out":3,"link1_id":"b503c7d9461a4f239a60bbd4011022e9","link2_id":"638f4f6f4c544479bd5dd7f42c5fb6c9","link3_id":" ","link4_id":" ","link5_id":" ","link6_id":" ","link7_id":" ","link8_id":" "}}]}